dgp,noise,shift_family,method,severity,coverage_mean,coverage_sd,coverage_gap_mean,coverage_deficit_mean,width_mean,interval_score_mean,infinite_fraction_mean,ess_ratio_mean,weight_cv_mean,max_normalized_weight_mean,shift_auc_mean,mmd2_mean,log_weight_rmse_mean,log_weight_mae_mean,log_weight_corr_mean,est_to_oracle_ess_ratio_mean,coverage_se,coverage_ci95_low,coverage_ci95_high
linear,gaussian,mean,CQR-GBR,0.0,0.9002533333333333,0.010793859471887286,0.00934666666666662,0.004546666666666654,4.455768170812781,5.550571092848654,0.0,1.0,0.0,0.001,,0.0037278638262534633,,,,,0.0019706801050978218,0.8962228399672261,0.9042838266994406
linear,gaussian,mean,CQR-GBR,0.5,0.90064,0.010322576529476343,0.008453333333333283,0.003906666666666653,4.475995455404843,5.543859052979765,0.0,1.0,0.0,0.001,,0.016358922013613168,,,,,0.0018846360055891948,0.8967854865767384,0.9044945134232616
linear,gaussian,mean,CQR-GBR,1.0,0.8978666666666667,0.012904886359593516,0.010506666666666624,0.006319999999999993,4.572450046445826,5.756627871659274,0.0,1.0,0.0,0.001,,0.056953079841686675,,,,,0.0023560991203966978,0.8930479029058286,0.9026854304275048
linear,gaussian,mean,CQR-GBR,1.5,0.8943733333333334,0.016644579387551532,0.013919999999999964,0.009773333333333327,4.74627555741339,6.01753594736426,0.0,1.0,0.0,0.001,,0.11746015764822072,,,,,0.0030388705302491657,0.8881581452462642,0.9005885214204025
linear,gaussian,mean,CQR-GBR,2.0,0.8910666666666667,0.021916539705064724,0.019759999999999958,0.014346666666666643,4.988671241719422,6.434711285632159,0.0,1.0,0.0,0.001,,0.19162211627366985,,,,,0.004001394392973857,0.882882896244293,0.8992504370890404
linear,gaussian,mean,Estimated-WCP-Primary,0.0,0.90064,0.008601266947575105,0.0068533333333332695,0.0031066666666666565,3.318802671581787,4.1479436559517,0.0,0.9550426617368609,0.212110043700626,0.00265061216472908,0.5020142266666666,0.0037278638262534633,0.20425659742420135,0.148286609088915,,0.9550426617368609,0.0015703693101034968,0.8974282341378809,0.9038517658621191
linear,gaussian,mean,Estimated-WCP-Primary,0.5,0.9007333333333333,0.009908315328232057,0.007693333333333297,0.003479999999999993,3.318356598265336,4.1417003175838145,0.0,0.7388149914856411,0.5952943919005966,0.006300917215948296,0.62938892,0.016358922013613168,0.20618075585595175,0.1482771353143381,0.9200601668841081,0.9456501979139382,0.0018090026040489672,0.8970335075848371,0.9044331590818294
linear,gaussian,mean,Estimated-WCP-Primary,1.0,0.9016,0.019185626803992318,0.015466666666666606,0.006933333333333314,3.3465016190518293,4.1655755689005804,0.00013333333333331334,0.3626335347719304,1.34543961333122,0.017324701338054378,0.7570943466666668,0.056953079841686675,0.23006786032143714,0.16699725634512344,0.9748271350580814,0.9443920597106269,0.003502800193474113,0.8944359692138385,0.9087640307861614
linear,gaussian,mean,Estimated-WCP-Primary,1.5,0.9053599999999999,0.026257420626006577,0.020879999999999958,0.00775999999999999,3.38358436817468,4.20719883043381,0.018466666666666614,0.11443465402022847,2.9934260073292203,0.05640607344769328,0.8538747466666667,0.11746015764822072,0.32456650379569424,0.23303992029924225,0.9801807848258858,0.7935139370804463,0.004793927192921741,0.8955553180028104,0.9151646819971895
linear,gaussian,mean,Estimated-WCP-Primary,2.0,0.9038933333333333,0.04248565626780112,0.03167999999999995,0.01389333333333333,3.340816942102269,4.320868528091337,0.11882666666666661,0.034641654065563236,6.534461010938399,0.15985804805575204,0.9204411866666666,0.19162211627366985,0.5551579704412475,0.39876156883395364,0.9754929919101382,0.5907771656546329,0.007756784102761806,0.8880289285587412,0.9197577381079255
linear,gaussian,mean,Estimated-WCP-Sensitivity,0.0,0.9007733333333333,0.008710474603377942,0.0070666666666666066,0.0031466666666666566,3.3194514326491595,4.148007276453345,0.0,0.9690246847633374,0.1751418066479559,0.0022519885607745066,0.50201148,0.0037278638262534633,0.170928821625497,0.1240107258453747,,0.9690246847633373,0.0015903078089486546,0.8975207886623564,0.9040258780043102
linear,gaussian,mean,Estimated-WCP-Sensitivity,0.5,0.9009466666666667,0.00934340015394725,0.007239999999999946,0.003146666666666653,3.3198398333067174,4.14107014138575,0.0,0.8070276849739721,0.4882280671097036,0.00499680422816328,0.6297060266666666,0.016358922013613168,0.19977777774409936,0.14635926126585386,0.9200634990008045,1.0329423934293718,0.0017058636760380504,0.8974577837109962,0.9044355496223372
linear,gaussian,mean,Estimated-WCP-Sensitivity,1.0,0.9015066666666667,0.017664047517843805,0.014066666666666616,0.0062799999999999835,3.3461680077035165,4.162249050940974,7.999999999998667e-05,0.43383809528517514,1.156692760456179,0.01599706678318468,0.75767956,0.056953079841686675,0.3754712526100388,0.265731126198289,0.9677995665957907,1.1278314867211319,0.0032249990941220635,0.8949108029235171,0.9081025304098163
linear,gaussian,mean,Estimated-WCP-Sensitivity,1.5,0.9064,0.02432991630865605,0.019093333333333278,0.006346666666666657,3.3895289112620337,4.19898816650361,0.01827999999999996,0.14408843344247746,2.7144986537423024,0.05512039277637668,0.8546324266666667,0.11746015764822072,0.7967008089497978,0.5465476822600647,0.9544429517751635,0.9658680402183746,0.004442014661487914,0.8973150599435369,0.9154849400564631
linear,gaussian,mean,Estimated-WCP-Sensitivity,2.0,0.9104666666666666,0.032627482950392576,0.025719999999999948,0.00762666666666666,3.399191797103599,4.280328457324257,0.10578666666666663,0.05851248645460627,5.019966638604827,0.12013329962370653,0.9212727733333334,0.19162211627366985,1.454570865346483,1.0375941866720666,0.9283923898035877,0.9700416545334549,0.005956936135515075,0.8982833643060197,0.9226499690273136
linear,gaussian,mean,Oracle-WCP-Ridge,0.0,0.90064,0.009125999236739258,0.0075999999999999505,0.00347999999999999,3.31718167462183,4.148106089443117,0.0,1.0,0.0,0.001,,0.0037278638262534633,0.0,0.0,1.0,1.0,0.0016661718805790068,0.8972322958809518,0.9040477041190482
linear,gaussian,mean,Oracle-WCP-Ridge,0.5,0.9020266666666666,0.00911773313226839,0.007093333333333289,0.002533333333333323,3.330686806651613,4.141158375028729,0.0,0.7813800270934198,0.5289182167330333,0.004414590436043323,,0.016358922013613168,0.0,0.0,1.0,1.0,0.0016646627032852106,0.8986220491617549,0.9054312841715784
linear,gaussian,mean,Oracle-WCP-Ridge,1.0,0.9019466666666667,0.0178705639942131,0.01466666666666663,0.006359999999999993,3.3459608179304134,4.162534394156278,0.0,0.38377901775709533,1.2723847311568568,0.015510306976531009,,0.056953079841686675,0.0,0.0,1.0,1.0,0.0032627036716567116,0.8952736884038992,0.9086196449294341
linear,gaussian,mean,Oracle-WCP-Ridge,1.5,0.9074266666666666,0.023239842917941057,0.018519999999999943,0.005546666666666649,3.405812940703666,4.1956646496707855,0.008946666666666632,0.14286642234893698,2.532544241000982,0.043342084820847095,,0.11746015764822072,0.0,0.0,1.0,1.0,0.004242995399677666,0.8987487667038131,0.9161045666295201
linear,gaussian,mean,Oracle-WCP-Ridge,2.0,0.9152133333333333,0.03020088755641796,0.02643999999999993,0.0056133333333333235,3.4733961154324287,4.288610320800158,0.09363999999999996,0.0546006640645741,4.556962595971803,0.0961325283733394,,0.19162211627366985,0.0,0.0,1.0,1.0,0.0055139024571090635,0.9039361365842256,0.9264905300824411
linear,gaussian,mean,SCP-Ridge,0.0,0.90064,0.009125999236739258,0.0075999999999999505,0.00347999999999999,3.31718167462183,4.148106089443117,0.0,1.0,0.0,0.001,,0.0037278638262534633,,,,,0.0016661718805790068,0.8972322958809518,0.9040477041190482
linear,gaussian,mean,SCP-Ridge,0.5,0.9006266666666666,0.008202730131437672,0.006653333333333293,0.0030133333333333236,3.31718167462183,4.140149662045741,0.0,1.0,0.0,0.001,,0.016358922013613168,,,,,0.0014976067753719095,0.8975637168974172,0.9036896164359159
linear,gaussian,mean,SCP-Ridge,1.0,0.8989466666666667,0.010012672430245681,0.00787999999999995,0.004466666666666657,3.31718167462183,4.150218129227769,0.0,1.0,0.0,0.001,,0.056953079841686675,,,,,0.0018280555169852106,0.8952078733358643,0.9026854599974691
linear,gaussian,mean,SCP-Ridge,1.5,0.9017333333333333,0.009440825991527383,0.00765333333333328,0.00295999999999999,3.31718167462183,4.152699030427757,0.0,1.0,0.0,0.001,,0.11746015764822072,,,,,0.0017236511190135413,0.8982080709720316,0.905258595694635
linear,gaussian,mean,SCP-Ridge,2.0,0.8999333333333334,0.00845733035783808,0.006706666666666633,0.0033866666666666563,3.31718167462183,4.174838715167732,0.0,1.0,0.0,0.001,,0.19162211627366985,,,,,0.0015440902044203848,0.8967753142771261,0.9030913523895406
linear,gaussian,mixture,CQR-GBR,0.0,0.9002533333333333,0.010793859471887286,0.00934666666666662,0.004546666666666654,4.455768170812781,5.550571092848654,0.0,1.0,0.0,0.001,,0.0037278638262534633,,,,,0.0019706801050978218,0.8962228399672261,0.9042838266994406
linear,gaussian,mixture,CQR-GBR,0.5,0.8975466666666667,0.011518492877148442,0.008746666666666627,0.005599999999999994,4.52941954484538,5.660464801086266,0.0,1.0,0.0,0.001,,0.006594697609768034,,,,,0.002102979459092261,0.893245590740135,0.9018477425931984
linear,gaussian,mixture,CQR-GBR,1.0,0.89904,0.011264641047589327,0.00847999999999997,0.00471999999999999,4.623428312407611,5.81067789421115,0.0,1.0,0.0,0.001,,0.014872026504538245,,,,,0.0020566326679877667,0.8948337139044529,0.903246286095547
linear,gaussian,mixture,CQR-GBR,1.5,0.8964,0.01161972164186744,0.009839999999999943,0.006719999999999973,4.6981195512102065,5.946450868990685,0.0,1.0,0.0,0.001,,0.0292606170283671,,,,,0.002121461218393921,0.8920611246315058,0.9007388753684942
linear,gaussian,mixture,CQR-GBR,2.0,0.8948266666666667,0.015830458057139417,0.01237333333333327,0.00877333333333331,4.785827781686025,6.076766399818899,0.0,1.0,0.0,0.001,,0.049240789153813996,,,,,0.0028902329911782215,0.8889154764804391,0.9007378568528942
linear,gaussian,mixture,Estimated-WCP-Primary,0.0,0.90064,0.008601266947575105,0.0068533333333332695,0.0031066666666666565,3.318802671581787,4.1479436559517,0.0,0.9550426617368609,0.212110043700626,0.00265061216472908,0.5020142266666666,0.0037278638262534633,0.20425659742420135,0.148286609088915,,0.9550426617368609,0.0015703693101034968,0.8974282341378809,0.9038517658621191
linear,gaussian,mixture,Estimated-WCP-Primary,0.5,0.9004933333333334,0.010887098765981224,0.00921333333333329,0.004359999999999987,3.3212835783743087,4.147852572691012,0.00013333333333331334,0.8620957417380875,0.3984167370704371,0.0057960250091953205,0.5425151199999999,0.006594697609768034,0.23264769021689408,0.17171805764070136,0.6100789230333212,1.4215390371539902,0.001987703193304858,0.8964280238426244,0.9045586428240423
linear,gaussian,mixture,Estimated-WCP-Primary,1.0,0.9024,0.012141237794080712,0.010026666666666597,0.003813333333333313,3.3299656330237464,4.147027816911457,0.00283999999999996,0.6943527066833532,0.6737375244596442,0.011343103820779942,0.59140304,0.014872026504538245,0.25980715075965066,0.1906996214598296,0.7297491360782533,2.289943111137289,0.0022166766052840897,0.8978663872998509,0.906933612700149
linear,gaussian,mixture,Estimated-WCP-Primary,1.5,0.9062800000000001,0.012710527811282261,0.010733333333333284,0.0022266666666666602,3.361244469843448,4.138962620560853,0.012426666666666622,0.5107992206320684,1.0567729228027323,0.02040212097750699,0.63452336,0.0292606170283671,0.2698541079988363,0.20071051808995638,0.8098105867540863,2.8330488656863784,0.0023206142666786873,0.9015338109138328,0.9110261890861674
linear,gaussian,mixture,Estimated-WCP-Primary,2.0,0.9086266666666667,0.019509200894455684,0.016439999999999948,0.003906666666666667,3.38107190820808,4.168932818240817,0.0331333333333333,0.3527022058911718,1.4939666804875917,0.029734955450730946,0.68109248,0.049240789153813996,0.29127706844363654,0.2164566426233717,0.846961250545739,3.2288439306134,0.0035618764695977806,0.9013418113294304,0.915911522003903
linear,gaussian,mixture,Estimated-WCP-Sensitivity,0.0,0.9007733333333333,0.008710474603377942,0.0070666666666666066,0.0031466666666666566,3.3194514326491595,4.148007276453345,0.0,0.9690246847633374,0.1751418066479559,0.0022519885607745066,0.50201148,0.0037278638262534633,0.170928821625497,0.1240107258453747,,0.9690246847633373,0.0015903078089486546,0.8975207886623564,0.9040258780043102
linear,gaussian,mixture,Estimated-WCP-Sensitivity,0.5,0.9007066666666667,0.010687115456549032,0.009026666666666612,0.00415999999999998,3.321481711538672,4.147565454424241,2.666666666666e-05,0.9024402981186351,0.3274514435665891,0.004664718784752467,0.5428816399999999,0.006594697609768034,0.19779281902798626,0.14250131639739763,0.6331261795259384,1.493440217055111,0.0019511914034046755,0.8967160321709489,0.9046973011623844
linear,gaussian,mixture,Estimated-WCP-Sensitivity,1.0,0.9023866666666667,0.011318819645215637,0.009453333333333286,0.0035333333333333167,3.3282148273055854,4.1454412646179435,0.0012266666666666233,0.7818843371898809,0.5281241917998863,0.008433784959329078,0.5919505333333334,0.014872026504538245,0.22283825415488914,0.1589400039505971,0.7538110284995396,2.6825157639466894,0.002066524281339075,0.898160149950285,0.9066131833830483
linear,gaussian,mixture,Estimated-WCP-Sensitivity,1.5,0.9058266666666667,0.010796006072915892,0.0091066666666666,0.0016399999999999965,3.3539461287782517,4.133476591120989,0.006493333333333286,0.6360376497377567,0.7773295558505933,0.01387419109874037,0.6350893333333333,0.0292606170283671,0.23642734771409646,0.17246725160884382,0.831726293947695,3.7394602921914624,0.0019710720190329323,0.9017953717465622,0.9098579615867711
linear,gaussian,mixture,Estimated-WCP-Sensitivity,2.0,0.9073333333333333,0.016243435455663282,0.014159999999999933,0.0034133333333333233,3.3720249435060405,4.155867854056135,0.01926666666666661,0.5003059119520016,1.0416294007694775,0.019156771205215202,0.6819685999999999,0.049240789153813996,0.2640637527862789,0.19821589035068352,0.8700844394496173,4.776767196938747,0.0029656320034819952,0.9012679348521545,0.9133987318145121
linear,gaussian,mixture,Oracle-WCP-Ridge,0.0,0.90064,0.009125999236739258,0.0075999999999999505,0.00347999999999999,3.31718167462183,4.148106089443117,0.0,1.0,0.0,0.001,,0.0037278638262534633,0.0,0.0,1.0,1.0,0.0016661718805790068,0.8972322958809518,0.9040477041190482
linear,gaussian,mixture,Oracle-WCP-Ridge,0.5,0.9023466666666666,0.01288152200616846,0.010959999999999944,0.004306666666666657,3.3370341879559007,4.154035448593628,0.006066666666666633,0.7048007707251535,0.6903953225820427,0.017730506217099325,,0.006594697609768034,0.0,0.0,1.0,1.0,0.0023518333925925555,0.8975366272987788,0.9071567060345544
linear,gaussian,mixture,Oracle-WCP-Ridge,1.0,0.9066533333333333,0.015274764704623401,0.013106666666666617,0.0032266666666666602,3.36182747258339,4.156941252041929,0.021066666666666605,0.4278950168380661,1.3810261671488984,0.03437158768851367,,0.014872026504538245,0.0,0.0,1.0,1.0,0.0027887777297686575,0.9009496424550909,0.9123570242115757
linear,gaussian,mixture,Oracle-WCP-Ridge,1.5,0.9092933333333334,0.019227475551719022,0.0158266666666666,0.0032666666666666534,3.3822444155400095,4.159005347819956,0.04134666666666662,0.2660669076402914,2.0739710255114354,0.05097210299272758,,0.0292606170283671,0.0,0.0,1.0,1.0,0.0035104406945185326,0.9021136759679552,0.9164729906987116
linear,gaussian,mixture,Oracle-WCP-Ridge,2.0,0.9108533333333334,0.02715792553823341,0.022159999999999954,0.0056533333333333305,3.399758898929019,4.20023699873361,0.06522666666666661,0.172175154334242,2.771409260975084,0.06758182686437261,,0.049240789153813996,0.0,0.0,1.0,1.0,0.0049583361441120225,0.9007123972757375,0.9209942693909293
linear,gaussian,mixture,SCP-Ridge,0.0,0.90064,0.009125999236739258,0.0075999999999999505,0.00347999999999999,3.31718167462183,4.148106089443117,0.0,1.0,0.0,0.001,,0.0037278638262534633,,,,,0.0016661718805790068,0.8972322958809518,0.9040477041190482
linear,gaussian,mixture,SCP-Ridge,0.5,0.9004,0.010255763728517369,0.008853333333333293,0.00422666666666666,3.31718167462183,4.146795700337874,0.0,1.0,0.0,0.001,,0.006594697609768034,,,,,0.0018724377128507504,0.8965704348866305,0.9042295651133695
linear,gaussian,mixture,SCP-Ridge,1.0,0.9020666666666667,0.009344344899948582,0.00801333333333327,0.002973333333333313,3.31718167462183,4.141576412647299,0.0,1.0,0.0,0.001,,0.014872026504538245,,,,,0.0017060361622700643,0.8985774309370417,0.9055559023962917
linear,gaussian,mixture,SCP-Ridge,1.5,0.90224,0.00803688050650636,0.006346666666666617,0.0020533333333333233,3.31718167462183,4.122608928784458,0.0,1.0,0.0,0.001,,0.0292606170283671,,,,,0.0014673269151290259,0.899238979498479,0.9052410205015211
linear,gaussian,mixture,SCP-Ridge,2.0,0.9020933333333333,0.010152863816586978,0.008839999999999954,0.0033733333333333267,3.31718167462183,4.131536845278902,0.0,1.0,0.0,0.001,,0.049240789153813996,,,,,0.0018536508452075605,0.8983021916785504,0.9058844749881162
linear,gaussian,nonlinear,CQR-GBR,0.0,0.9002533333333333,0.010793859471887286,0.00934666666666662,0.004546666666666654,4.455768170812781,5.550571092848654,0.0,1.0,0.0,0.001,,0.0037278638262534633,,,,,0.0019706801050978218,0.8962228399672261,0.9042838266994406
linear,gaussian,nonlinear,CQR-GBR,0.5,0.9025466666666666,0.011625647429752889,0.009853333333333294,0.00365333333333333,4.46789998263212,5.542249045600073,0.0,1.0,0.0,0.001,,0.003891528429748477,,,,,0.002122543114292538,0.8982055785726109,0.9068877547607224
linear,gaussian,nonlinear,CQR-GBR,1.0,0.901,0.010208177925160024,0.008546666666666636,0.003773333333333333,4.487665238211917,5.62905070295206,0.0,1.0,0.0,0.001,,0.003944284776827403,,,,,0.0018637497735454762,0.8971882037176268,0.9048117962823733
linear,gaussian,nonlinear,CQR-GBR,1.5,0.8952133333333333,0.010201545972541855,0.009293333333333303,0.007039999999999983,4.518510855840585,5.802773492610435,0.0,1.0,0.0,0.001,,0.004076289402782493,,,,,0.0018625389501957174,0.8914040134627663,0.8990226532039003
linear,gaussian,nonlinear,CQR-GBR,2.0,0.8923866666666667,0.00957841442977415,0.009479999999999962,0.008546666666666636,4.556473223134387,6.054961289831025,0.0,1.0,0.0,0.001,,0.005303458467158574,,,,,0.0017487712161067617,0.8888100279381766,0.8959633053951567
linear,gaussian,nonlinear,Estimated-WCP-Primary,0.0,0.90064,0.008601266947575105,0.0068533333333332695,0.0031066666666666565,3.318802671581787,4.1479436559517,0.0,0.9550426617368609,0.212110043700626,0.00265061216472908,0.5020142266666666,0.0037278638262534633,0.20425659742420135,0.148286609088915,,0.9550426617368609,0.0015703693101034968,0.8974282341378809,0.9038517658621191
linear,gaussian,nonlinear,Estimated-WCP-Primary,0.5,0.9007333333333333,0.009649346353897307,0.00750666666666663,0.0033866666666666568,3.316774183234871,4.13623530916484,0.0,0.9555129233357302,0.21068773451462117,0.0028176635440033933,0.5024794933333333,0.003891528429748477,,,,,0.0017617215544032609,0.8971302081890836,0.9043364584775829
linear,gaussian,nonlinear,Estimated-WCP-Primary,1.0,0.9021866666666667,0.00959812242175461,0.008026666666666637,0.002919999999999993,3.318240240730068,4.126962141087697,0.0,0.9438022428882766,0.2382870239757436,0.0029686184892177797,0.5073877999999999,0.003944284776827403,,,,,0.0017523693866970378,0.898602668853028,0.9057706644803054
linear,gaussian,nonlinear,Estimated-WCP-Primary,1.5,0.9016266666666667,0.010465540608582282,0.00863999999999995,0.003506666666666653,3.3176534646723463,4.145214415413125,1.333333333333e-05,0.9120683377944784,0.306878471436713,0.004181874572295047,0.52246292,0.004076289402782493,,,,,0.00191073755593562,0.8977187695789309,0.9055345637544024
linear,gaussian,nonlinear,Estimated-WCP-Primary,2.0,0.9025733333333333,0.008494823305314005,0.007026666666666613,0.0022266666666666533,3.3142528594343506,4.121787542686604,0.0005066666666666234,0.8485054853700643,0.418020122232001,0.006750077356833497,0.5431105333333334,0.005303458467158574,,,,,0.0015509354487803584,0.8994013141804533,0.9057453524862134
linear,gaussian,nonlinear,Estimated-WCP-Sensitivity,0.0,0.9007733333333333,0.008710474603377942,0.0070666666666666066,0.0031466666666666566,3.3194514326491595,4.148007276453345,0.0,0.9690246847633374,0.1751418066479559,0.0022519885607745066,0.50201148,0.0037278638262534633,0.170928821625497,0.1240107258453747,,0.9690246847633373,0.0015903078089486546,0.8975207886623564,0.9040258780043102
linear,gaussian,nonlinear,Estimated-WCP-Sensitivity,0.5,0.9006933333333333,0.00962521592532841,0.00749333333333329,0.0033999999999999864,3.316854217568533,4.136234931877213,0.0,0.9696350787495888,0.17307591868084057,0.00238033642475227,0.50239676,0.003891528429748477,,,,,0.0017573159610534436,0.897099218639194,0.9042874480274727
linear,gaussian,nonlinear,Estimated-WCP-Sensitivity,1.0,0.9022266666666667,0.009427579984694711,0.00795999999999996,0.00286666666666666,3.319183648011659,4.126728812787644,0.0,0.9623572660970898,0.1937447572673059,0.0024637200130262766,0.5072764,0.003944284776827403,,,,,0.0017212327401005007,0.8987063504456039,0.9057469828877296
linear,gaussian,nonlinear,Estimated-WCP-Sensitivity,1.5,0.9017733333333333,0.010303361799326286,0.00862666666666662,0.0034266666666666534,3.318196342656636,4.145149889045147,0.0,0.9452579608146121,0.23785429311596387,0.0031927353591492034,0.52208652,0.004076289402782493,,,,,0.0018811278918760077,0.8979259948082259,0.9056206718584408
linear,gaussian,nonlinear,Estimated-WCP-Sensitivity,2.0,0.9022933333333333,0.008419965326054145,0.00666666666666663,0.00218666666666666,3.3140317429807187,4.121552113339222,0.00026666666666662667,0.921368526470554,0.2877163741861919,0.00430794136744129,0.5418208,0.005303458467158574,,,,,0.0015372683141637322,0.8991492666092943,0.9054374000573723
linear,gaussian,nonlinear,Oracle-WCP-Ridge,0.0,0.90064,0.009125999236739258,0.0075999999999999505,0.00347999999999999,3.31718167462183,4.148106089443117,0.0,1.0,0.0,0.001,,0.0037278638262534633,0.0,0.0,1.0,1.0,0.0016661718805790068,0.8972322958809518,0.9040477041190482
linear,gaussian,nonlinear,SCP-Ridge,0.0,0.90064,0.009125999236739258,0.0075999999999999505,0.00347999999999999,3.31718167462183,4.148106089443117,0.0,1.0,0.0,0.001,,0.0037278638262534633,,,,,0.0016661718805790068,0.8972322958809518,0.9040477041190482
linear,gaussian,nonlinear,SCP-Ridge,0.5,0.9008,0.009768633829587025,0.007786666666666627,0.003493333333333323,3.31718167462183,4.136361806796807,0.0,1.0,0.0,0.001,,0.003891528429748477,,,,,0.00178350036815763,0.8971523321802894,0.9044476678197106
linear,gaussian,nonlinear,SCP-Ridge,1.0,0.9020933333333333,0.008871610409861798,0.00702666666666663,0.002466666666666657,3.31718167462183,4.126290704256069,0.0,1.0,0.0,0.001,,0.003944284776827403,,,,,0.0016197270476263196,0.8987806195633639,0.9054060471033027
linear,gaussian,nonlinear,SCP-Ridge,1.5,0.9015733333333333,0.009792288779454473,0.008186666666666627,0.0033066666666666635,3.31718167462183,4.144514538170509,0.0,1.0,0.0,0.001,,0.004076289402782493,,,,,0.0017878191513706484,0.8979168326101775,0.9052298340564892
linear,gaussian,nonlinear,SCP-Ridge,2.0,0.9024533333333333,0.008436854019545815,0.007173333333333286,0.0023599999999999936,3.31718167462183,4.121301297237332,0.0,1.0,0.0,0.001,,0.005303458467158574,,,,,0.0015403517536277916,0.8993029602675027,0.905603706399164
linear,gaussian,tail_mixture,CQR-GBR,0.0,0.9002533333333333,0.010793859471887286,0.00934666666666662,0.004546666666666654,4.455768170812781,5.550571092848654,0.0,1.0,0.0,0.001,,0.0037278638262534633,,,,,0.0019706801050978218,0.8962228399672261,0.9042838266994406
linear,gaussian,tail_mixture,CQR-GBR,0.5,0.8816,0.010774170901776608,0.018426666666666654,0.018413333333333323,4.5851326815098234,6.791349122687757,0.0,1.0,0.0,0.001,,0.00555953160454093,,,,,0.0019670854804396086,0.8775768584667961,0.885623141533204
linear,gaussian,tail_mixture,CQR-GBR,1.0,0.86068,0.011911466512682581,0.03931999999999997,0.03931999999999997,4.721619575936845,8.053978425336782,0.0,1.0,0.0,0.001,,0.009395952413954613,,,,,0.0021747263006545487,0.8562321853063757,0.8651278146936243
linear,gaussian,tail_mixture,CQR-GBR,1.5,0.8397066666666666,0.012658237970023599,0.06029333333333332,0.06029333333333332,4.851614925665031,9.231130140149101,0.0,1.0,0.0,0.001,,0.01700501553297547,,,,,0.0023110674914834425,0.8349800029281154,0.8444333304052178
linear,gaussian,tail_mixture,CQR-GBR,2.0,0.8211866666666666,0.014536701075585192,0.07881333333333332,0.07881333333333332,4.9779522274279175,10.415495196441992,0.0,1.0,0.0,0.001,,0.026927714864414327,,,,,0.00265402636360254,0.815758573276825,0.8266147600565082
linear,gaussian,tail_mixture,Estimated-WCP-Primary,0.0,0.90064,0.008601266947575105,0.0068533333333332695,0.0031066666666666565,3.318802671581787,4.1479436559517,0.0,0.9550426617368609,0.212110043700626,0.00265061216472908,0.5020142266666666,0.0037278638262534633,0.20425659742420135,0.148286609088915,,0.9550426617368609,0.0015703693101034968,0.8974282341378809,0.9038517658621191
linear,gaussian,tail_mixture,Estimated-WCP-Primary,0.5,0.9022666666666667,0.009935701330029013,0.008133333333333293,0.002933333333333327,3.332203372940432,4.157286392201591,0.0028533333333332902,0.9131746304690971,0.3047221030240051,0.00412401443283611,0.5300041333333333,0.00555953160454093,0.22798874995435295,0.17037017224400827,0.41512092501905046,3.1252688656305367,0.0018140025810303238,0.8985566148170382,0.9059767185162951
linear,gaussian,tail_mixture,Estimated-WCP-Primary,1.0,0.9065866666666668,0.009453907542180227,0.00914666666666663,0.0012799999999999999,3.3483338171949866,4.14380163269582,0.011653333333333273,0.8637668707831967,0.39503792124298076,0.005554377712286386,0.5680776533333333,0.009395952413954613,0.2634486829906243,0.20058446950933947,0.5413145785935355,7.988920190728643,0.0017260394724734442,0.903056519574073,0.9101168137592606
linear,gaussian,tail_mixture,Estimated-WCP-Primary,1.5,0.9074000000000001,0.009337060011329704,0.009399999999999933,0.00099999999999999,3.3655139553744817,4.156668006957704,0.02734666666666663,0.81662211646995,0.47256913424876235,0.00726990510306611,0.60543276,0.01700501553297547,0.2905715350744653,0.22812141236466307,0.6213801251280808,13.55130079022458,0.0017047061296615736,0.903913484492491,0.9108865155075092
linear,gaussian,tail_mixture,Estimated-WCP-Primary,2.0,0.9128666666666666,0.009857513617167565,0.01329333333333327,0.00021333333333333,3.3829615322250253,4.1389521189507725,0.05126666666666664,0.7660322987859447,0.552429361860485,0.008223153816439307,0.6388035733333334,0.026927714864414327,0.3194659996282658,0.2567286164878931,0.6789592979684141,18.95147876179449,0.00179972752301234,0.9091858105888397,0.9165475227444935
linear,gaussian,tail_mixture,Estimated-WCP-Sensitivity,0.0,0.9007733333333333,0.008710474603377942,0.0070666666666666066,0.0031466666666666566,3.3194514326491595,4.148007276453345,0.0,0.9690246847633374,0.1751418066479559,0.0022519885607745066,0.50201148,0.0037278638262534633,0.170928821625497,0.1240107258453747,,0.9690246847633373,0.0015903078089486546,0.8975207886623564,0.9040258780043102
linear,gaussian,tail_mixture,Estimated-WCP-Sensitivity,0.5,0.9019866666666666,0.009754777196887675,0.00806666666666662,0.0030399999999999833,3.331067377855729,4.157074011925365,0.0010799999999999733,0.9526297415122923,0.2206874750795978,0.0029534168949989868,0.5302779866666667,0.00555953160454093,0.1843258580108341,0.13248343562888426,0.42442071186224306,3.2803701046510616,0.001780970504724131,0.8983441729986408,0.9056291603346924
linear,gaussian,tail_mixture,Estimated-WCP-Sensitivity,1.0,0.9050933333333333,0.00905336414261852,0.008399999999999951,0.0016533333333333265,3.3388777685626687,4.142067821789894,0.003999999999999957,0.9380110778179825,0.2556866659879874,0.0034217835525702433,0.5685095866666666,0.009395952413954613,0.2086507746532451,0.15341495349363926,0.5572869048900206,8.761950664197334,0.0016529105874068606,0.9017127516041739,0.9084739150624928
linear,gaussian,tail_mixture,Estimated-WCP-Sensitivity,1.5,0.9047066666666667,0.008911323030892752,0.008066666666666604,0.0016799999999999933,3.3500441086750268,4.1520349637598875,0.00773333333333329,0.9277323768308255,0.2783987662033333,0.0037203390191030998,0.6059243733333334,0.01700501553297547,0.23605230207814157,0.18115994053135687,0.6308055459621581,16.043608678874406,0.0016269775470784222,0.9013791239602975,0.9080342093730358
linear,gaussian,tail_mixture,Estimated-WCP-Sensitivity,2.0,0.9078666666666667,0.010001563096227321,0.00975999999999996,0.0009466666666666667,3.3640717567810623,4.135160390339495,0.015626666666666608,0.9158875722028321,0.30182212746041254,0.004009965991588463,0.6392996533333334,0.026927714864414327,0.2685794322515964,0.2130734276881269,0.6895523420750814,24.21577308016779,0.0018260272393716386,0.9041320216293621,0.9116013117039713
linear,gaussian,tail_mixture,Oracle-WCP-Ridge,0.0,0.90064,0.009125999236739258,0.0075999999999999505,0.00347999999999999,3.31718167462183,4.148106089443117,0.0,1.0,0.0,0.001,,0.0037278638262534633,0.0,0.0,1.0,1.0,0.0016661718805790068,0.8972322958809518,0.9040477041190482
linear,gaussian,tail_mixture,Oracle-WCP-Ridge,0.5,0.9033599999999999,0.009535183487376172,0.008053333333333286,0.0023466666666666566,3.308567420682917,4.155610762392757,0.036599999999999966,0.7123647094962773,0.9323287443773357,0.02937670199351105,,0.00555953160454093,0.0,0.0,1.0,1.0,0.0017408783619955685,0.8997995039706992,0.9069204960293007
linear,gaussian,tail_mixture,Oracle-WCP-Ridge,1.0,0.9087866666666666,0.010991398936200653,0.012146666666666596,0.0016799999999999966,3.3005431634814912,4.1373705180766125,0.07834666666666663,0.5550721759119088,1.7904385538463445,0.05535392514910868,,0.009395952413954613,0.0,0.0,1.0,1.0,0.002006745711965128,0.9046824108523328,0.9128909224810005
linear,gaussian,tail_mixture,Oracle-WCP-Ridge,1.5,0.90952,0.013648756416763332,0.013146666666666619,0.00181333333333333,3.2879629275127593,4.14905806628178,0.12251999999999996,0.4359362678096709,2.6000593422511553,0.07973029584931096,,0.01700501553297547,0.0,0.0,1.0,1.0,0.002491910590451553,0.904423470594864,0.9146165294051359
linear,gaussian,tail_mixture,Oracle-WCP-Ridge,2.0,0.9147200000000001,0.016662623877491792,0.017759999999999956,0.0015199999999999968,3.2872786906732556,4.140404048907858,0.16698666666666664,0.3411510655514559,3.3794588556213205,0.10306665938023564,,0.026927714864414327,0.0,0.0,1.0,1.0,0.0030421649883088176,0.9084980739896527,0.9209419260103475
linear,gaussian,tail_mixture,SCP-Ridge,0.0,0.90064,0.009125999236739258,0.0075999999999999505,0.00347999999999999,3.31718167462183,4.148106089443117,0.0,1.0,0.0,0.001,,0.0037278638262534633,,,,,0.0016661718805790068,0.8972322958809518,0.9040477041190482
linear,gaussian,tail_mixture,SCP-Ridge,0.5,0.9007866666666667,0.008991940196962327,0.007506666666666626,0.0033599999999999897,3.31718167462183,4.155642899599595,0.0,1.0,0.0,0.001,,0.00555953160454093,,,,,0.0016416961605379044,0.8974290210157592,0.9041443123175743
linear,gaussian,tail_mixture,SCP-Ridge,1.0,0.9029466666666667,0.00931856631467091,0.00793333333333328,0.0024933333333333296,3.31718167462183,4.140331420932141,0.0,1.0,0.0,0.001,,0.009395952413954613,,,,,0.0017013296580510138,0.8994670568189812,0.9064262765143521
linear,gaussian,tail_mixture,SCP-Ridge,1.5,0.9013466666666666,0.00923769389543447,0.007799999999999949,0.0032266666666666602,3.31718167462183,4.144345604848771,0.0,1.0,0.0,0.001,,0.01700501553297547,,,,,0.0016865644419524093,0.8978972550766186,0.9047960782567147
linear,gaussian,tail_mixture,SCP-Ridge,2.0,0.90192,0.009969553650991596,0.00791999999999997,0.0029999999999999897,3.31718167462183,4.131795443640931,0.0,1.0,0.0,0.001,,0.026927714864414327,,,,,0.0018201831409686946,0.8981973074859807,0.9056426925140194
linear,gaussian,variance,CQR-GBR,0.0,0.9002533333333333,0.010793859471887286,0.00934666666666662,0.004546666666666654,4.455768170812781,5.550571092848654,0.0,1.0,0.0,0.001,,0.0037278638262534633,,,,,0.0019706801050978218,0.8962228399672261,0.9042838266994406
linear,gaussian,variance,CQR-GBR,0.5,0.8874533333333333,0.011694730122738113,0.013613333333333304,0.01307999999999998,4.649813599569688,6.0272900171721595,0.0,1.0,0.0,0.001,,0.006125511936332373,,,,,0.0021351558307196082,0.8830864493377731,0.8918202173288935
linear,gaussian,variance,CQR-GBR,1.0,0.8689733333333333,0.011861584860477056,0.03102666666666665,0.03102666666666665,4.874451549482499,6.749018982674176,0.0,1.0,0.0,0.001,,0.014238092206104992,,,,,0.0021656191986150174,0.8645441447547542,0.8734025219119124
linear,gaussian,variance,CQR-GBR,1.5,0.8444400000000001,0.014346394476758208,0.05555999999999998,0.05555999999999998,5.120885376947045,7.792981220450195,0.0,1.0,0.0,0.001,,0.0290593298606695,,,,,0.002619281291262665,0.8390829682620261,0.849797031737974
linear,gaussian,variance,CQR-GBR,2.0,0.80672,0.01927410984571863,0.09327999999999997,0.09327999999999997,5.377736932052398,9.477196173917084,0.0,1.0,0.0,0.001,,0.04553013866477241,,,,,0.0035189549127775037,0.7995229291030589,0.8139170708969411
linear,gaussian,variance,Estimated-WCP-Primary,0.0,0.90064,0.008601266947575105,0.0068533333333332695,0.0031066666666666565,3.318802671581787,4.1479436559517,0.0,0.9550426617368609,0.212110043700626,0.00265061216472908,0.5020142266666666,0.0037278638262534633,0.20425659742420135,0.148286609088915,,0.9550426617368609,0.0015703693101034968,0.8974282341378809,0.9038517658621191
linear,gaussian,variance,Estimated-WCP-Primary,0.5,0.9022133333333334,0.009750958691446642,0.007866666666666624,0.00282666666666665,3.3311452578259733,4.154073227761955,0.0,0.716209380588675,0.6326581687079097,0.01038426617790774,0.5937641333333333,0.006125511936332373,0.18546005399459511,0.13729287004392055,0.8878007620027941,0.8878245249134944,0.0017802733442021275,0.8985722655186725,0.9058544011479943
linear,gaussian,variance,Estimated-WCP-Primary,1.0,0.9064266666666666,0.015468743419829074,0.01351999999999993,0.0035466666666666433,3.367009475593798,4.164313413515298,0.0030666666666666065,0.33781570369031744,1.580719557581042,0.033185630950022825,0.6954105466666667,0.014238092206104992,0.18546021289722953,0.13989999648400034,0.9611525841248646,1.022811855979407,0.002824193235766663,0.900650542945766,0.9122027903875672
linear,gaussian,variance,Estimated-WCP-Primary,1.5,0.9069466666666667,0.019077911642621632,0.01686666666666661,0.0049599999999999905,3.369463447832587,4.171512396673995,0.03481333333333328,0.1451615683635264,3.0449721638831933,0.0743281131287677,0.7815961066666667,0.0290593298606695,0.19611792572675774,0.15248631850012326,0.9770050523312422,1.2238880212575376,0.003483134185584768,0.899822857382783,0.9140704759505504
linear,gaussian,variance,Estimated-WCP-Primary,2.0,0.9170533333333334,0.024443372041958723,0.02390666666666662,0.003426666666666667,3.403338250715804,4.205398684635763,0.12227999999999996,0.09026095894194526,4.1765679590604305,0.10677899039919313,0.8496737466666667,0.04553013866477241,0.27247703875966234,0.23734698434251061,0.9844901514069486,1.8437701262759105,0.004462728749623969,0.9079260282098046,0.9261806384568622
linear,gaussian,variance,Estimated-WCP-Sensitivity,0.0,0.9007733333333333,0.008710474603377942,0.0070666666666666066,0.0031466666666666566,3.3194514326491595,4.148007276453345,0.0,0.9690246847633374,0.1751418066479559,0.0022519885607745066,0.50201148,0.0037278638262534633,0.170928821625497,0.1240107258453747,,0.9690246847633373,0.0015903078089486546,0.8975207886623564,0.9040258780043102
linear,gaussian,variance,Estimated-WCP-Sensitivity,0.5,0.9024133333333334,0.009542056936253986,0.007613333333333277,0.0025999999999999834,3.331337713227162,4.154014512806447,0.0,0.8254645351121587,0.4580253178246337,0.0068262602093265195,0.5939825866666666,0.006125511936332373,0.1610058113583343,0.12046268987968639,0.890581487536915,1.0238957382041325,0.0017421332763283143,0.898850270716041,0.9059763959506258
linear,gaussian,variance,Estimated-WCP-Sensitivity,1.0,0.9056666666666667,0.011497086087602684,0.010893333333333283,0.00261333333333333,3.3518504298468006,4.154478023406481,0.0007733333333332967,0.5716419458024694,0.8862044071457666,0.01547925086877081,0.69593212,0.014238092206104992,0.22577323856529483,0.19094725297988843,0.964807095597499,1.8323990727853625,0.002099071131919602,0.9013735841667198,0.9099597491666137
linear,gaussian,variance,Estimated-WCP-Sensitivity,1.5,0.907,0.013663846078435328,0.013053333333333287,0.0030266666666666567,3.374006965598748,4.153798840229688,0.009453333333333303,0.4230394455375199,1.2265412738546122,0.024372312992958063,0.7821648,0.0290593298606695,0.4459387569392429,0.3986918359565166,0.9808347389325761,4.917003720054329,0.0024946655731458442,0.9018978360225942,0.9121021639774058
linear,gaussian,variance,Estimated-WCP-Sensitivity,2.0,0.9144266666666667,0.011850998308983965,0.01573333333333327,0.0006533333333333301,3.4201846569740453,4.158433520299829,0.03935999999999995,0.42004602983626504,1.221598251872012,0.023811675098234984,0.8501289466666666,0.04553013866477241,0.809545829230494,0.7386441351430826,0.9879033437802754,14.477777949969864,0.0021636863675953653,0.9100014311713822,0.9188519021619512
linear,gaussian,variance,Oracle-WCP-Ridge,0.0,0.90064,0.009125999236739258,0.0075999999999999505,0.00347999999999999,3.31718167462183,4.148106089443117,0.0,1.0,0.0,0.001,,0.0037278638262534633,0.0,0.0,1.0,1.0,0.0016661718805790068,0.8972322958809518,0.9040477041190482
linear,gaussian,variance,Oracle-WCP-Ridge,0.5,0.9035333333333334,0.009525621830850083,0.008173333333333284,0.0023199999999999866,3.3409393886989185,4.15413166675805,0.0,0.8076475069741621,0.48729902597913793,0.007201039167498184,,0.006125511936332373,0.0,0.0,1.0,1.0,0.0017391326503400834,0.8999764076852571,0.9070902589814097
linear,gaussian,variance,Oracle-WCP-Ridge,1.0,0.9058933333333333,0.01325731895019225,0.01205333333333328,0.0030799999999999933,3.3592406264978787,4.159376765593792,0.0025733333333332934,0.36094078075044617,1.4551457308678235,0.031213621802178942,,0.014238092206104992,0.0,0.0,1.0,1.0,0.002420444213687001,0.9009429690803721,0.9108436975862946
linear,gaussian,variance,Oracle-WCP-Ridge,1.5,0.9093066666666666,0.019664197000593762,0.016533333333333268,0.003613333333333317,3.3896360699454067,4.177945695685216,0.037666666666666626,0.14023134284335206,3.299287851252766,0.08473607473861891,,0.0290593298606695,0.0,0.0,1.0,1.0,0.003590174757483544,0.9019639348322247,0.9166493985011085
linear,gaussian,variance,Oracle-WCP-Ridge,2.0,0.9157066666666667,0.025780812610361498,0.02346666666666661,0.0038799999999999963,3.383455840786289,4.210293057298286,0.13707999999999998,0.06620590159460502,5.69945409505175,0.15727434582054353,,0.04553013866477241,0.0,0.0,1.0,1.0,0.004706910872502879,0.9060799530273471,0.9253333803059862
linear,gaussian,variance,SCP-Ridge,0.0,0.90064,0.009125999236739258,0.0075999999999999505,0.00347999999999999,3.31718167462183,4.148106089443117,0.0,1.0,0.0,0.001,,0.0037278638262534633,,,,,0.0016661718805790068,0.8972322958809518,0.9040477041190482
linear,gaussian,variance,SCP-Ridge,0.5,0.9012266666666666,0.008809357616148625,0.00735999999999996,0.0030666666666666564,3.31718167462183,4.152589750958225,0.0,1.0,0.0,0.001,,0.006125511936332373,,,,,0.0016083612944981795,0.8979371984719,0.9045161348614332
linear,gaussian,variance,SCP-Ridge,1.0,0.9025333333333333,0.010726613160036012,0.008826666666666623,0.0031466666666666596,3.31718167462183,4.1510416047754735,0.0,1.0,0.0,0.001,,0.014238092206104992,,,,,0.0019584026644611655,0.8985279501527457,0.9065387165139209
linear,gaussian,variance,SCP-Ridge,1.5,0.9013866666666667,0.01057295617596377,0.008853333333333284,0.0037333333333333264,3.31718167462183,4.142389767512767,0.0,1.0,0.0,0.001,,0.0290593298606695,,,,,0.0019303488656963056,0.8974386599468873,0.905334673386446
linear,gaussian,variance,SCP-Ridge,2.0,0.9021333333333333,0.009857093833913436,0.007653333333333277,0.0027599999999999903,3.31718167462183,4.131776639313009,0.0,1.0,0.0,0.001,,0.04553013866477241,,,,,0.00179965088142649,0.8984526340051496,0.905814032661517
linear,heteroscedastic,mean,CQR-GBR,0.0,0.9024266666666667,0.01153007860526884,0.009999999999999946,0.00378666666666666,4.168598704436725,5.253496045524272,0.0,1.0,0.0,0.001,,0.0034966608571724233,,,,,0.002105094713971149,0.8981212645581561,0.9067320687751773
linear,heteroscedastic,mean,CQR-GBR,0.5,0.9030666666666666,0.012863348985642778,0.011013333333333273,0.003973333333333327,4.211769889717554,5.317540206144736,0.0,1.0,0.0,0.001,,0.017415314816064842,,,,,0.0023485154681659156,0.8982634132161664,0.9078699201171667
linear,heteroscedastic,mean,CQR-GBR,1.0,0.9014933333333333,0.011828630763834244,0.009653333333333272,0.004079999999999977,4.366653178522831,5.596808842767887,0.0,1.0,0.0,0.001,,0.05577736624633782,,,,,0.0021596026312505263,0.8970764500166719,0.9059102166499946
linear,heteroscedastic,mean,CQR-GBR,1.5,0.89564,0.016642397042203536,0.014066666666666627,0.009213333333333323,4.617586661249848,6.088371086725293,0.0,1.0,0.0,0.001,,0.11909299456684441,,,,,0.003038472090324044,0.8894256268140763,0.9018543731859237
linear,heteroscedastic,mean,CQR-GBR,2.0,0.89004,0.01755459660798179,0.016733333333333305,0.013346666666666646,4.946064878384778,6.670069495423994,0.0,1.0,0.0,0.001,,0.19275755206233738,,,,,0.0032050161833650998,0.8834850058982667,0.8965949941017334
linear,heteroscedastic,mean,Estimated-WCP-Primary,0.0,0.9003333333333333,0.013074253017056978,0.009453333333333284,0.004559999999999996,3.093282137543321,4.240861962223928,0.0,0.9569650806247386,0.20840311984402957,0.002543121023300353,0.49916745333333334,0.0034966608571724233,0.1990040572221131,0.1453210044045727,,0.9569650806247386,0.002387021099990694,0.8954513270232362,0.9052153396434305
linear,heteroscedastic,mean,Estimated-WCP-Primary,0.5,0.9006133333333334,0.016616645857098523,0.012453333333333304,0.0059199999999999964,3.1155471728254884,4.26104351211795,0.0,0.7264529622718325,0.6142077271004959,0.006263488706504417,0.6298076933333333,0.017415314816064842,0.21347639754504327,0.1555021672685391,0.920502100543329,0.9353578044591988,0.0030337705886692087,0.8944085757979567,0.90681809086871
linear,heteroscedastic,mean,Estimated-WCP-Primary,1.0,0.8974,0.025346536184491245,0.018599999999999967,0.01059999999999999,3.227804240672585,4.466988180601837,0.00027999999999997,0.32492144994025757,1.489433544571303,0.022872256565689423,0.75773364,0.05577736624633782,0.23884558933878136,0.17662859352701366,0.9735923087808199,0.883106975653563,0.00462762320762226,0.8879354478431497,0.9068645521568502
linear,heteroscedastic,mean,Estimated-WCP-Primary,1.5,0.8962533333333333,0.04130685618412629,0.03342666666666662,0.018586666666666654,3.436367122125228,4.7591820191072856,0.018279999999999963,0.0949631675662273,3.6740817108988924,0.0804436135562265,0.8535109599999999,0.11909299456684441,0.3453605049323205,0.25830906241859436,0.9788874470376375,0.6910229499229797,0.007541565637222579,0.8808290997439964,0.9116775669226703
linear,heteroscedastic,mean,Estimated-WCP-Primary,2.0,0.89576,0.059433240438037,0.04927999999999996,0.026759999999999992,3.6137388544198163,5.14808070793259,0.12109333333333332,0.02969545777346758,7.652366371255622,0.19723427907163357,0.9199610933333333,0.19275755206233738,0.5744697798752789,0.43212319793378495,0.9755844123765093,0.5481164476964806,0.010850975484513695,0.8735672632930174,0.9179527367069826
linear,heteroscedastic,mean,Estimated-WCP-Sensitivity,0.0,0.9001466666666667,0.012574076598257617,0.009159999999999934,0.004506666666666649,3.0918901260047424,4.2397188056766275,0.0,0.9702650865476943,0.17233917914005809,0.0021760460411694967,0.49909133333333333,0.0034966608571724233,0.16684450409353807,0.12177457950928465,,0.9702650865476943,0.002295701797554507,0.8954514293008109,0.9048419040325224
linear,heteroscedastic,mean,Estimated-WCP-Sensitivity,0.5,0.9002800000000001,0.01522761556718807,0.011319999999999953,0.005519999999999981,3.1099403134991,4.259333521399833,0.0,0.7951575630054987,0.5069247864449685,0.00513723691051472,0.6301723333333334,0.017415314816064842,0.19912616070565925,0.14562238785781392,0.9205772039075166,1.023824974607789,0.0027801695143885767,0.8945939148990188,0.9059660851009813
linear,heteroscedastic,mean,Estimated-WCP-Sensitivity,1.0,0.8952933333333333,0.02158075345163441,0.01657333333333331,0.010639999999999993,3.1910262523420707,4.456350631627059,0.00021333333333330666,0.39326653063111283,1.2816050616250765,0.020757526232179697,0.7581784533333333,0.05577736624633782,0.37975275477420084,0.2675072635280892,0.9646454655735572,1.0643590992122571,0.003940088491139214,0.8872349475586294,0.9033517191080371
linear,heteroscedastic,mean,Estimated-WCP-Sensitivity,1.5,0.8935466666666667,0.03743334060040257,0.029999999999999954,0.01822666666666665,3.3729020778059766,4.730698831123646,0.018559999999999945,0.1217201141452616,3.3353035789017977,0.0765967962529404,0.8541991733333333,0.11909299456684441,0.7863620399424114,0.5387885655167879,0.9508385410891151,0.8525794920807397,0.006834361683204822,0.8795688275671203,0.9075245057662131
linear,heteroscedastic,mean,Estimated-WCP-Sensitivity,2.0,0.8969199999999999,0.05129045350442569,0.040946666666666624,0.022013333333333322,3.5212248570479088,5.028784090401388,0.10490666666666665,0.04934654019668393,6.1993372865765695,0.15992887433520128,0.9206741866666666,0.19275755206233738,1.4195376183268957,1.0013469652549778,0.9255616228690324,0.8608648587299381,0.009364312789681282,0.8777678299043414,0.9160721700956584
linear,heteroscedastic,mean,Oracle-WCP-Ridge,0.0,0.8998933333333333,0.010690857626103232,0.00789333333333328,0.003999999999999993,3.0889824867448707,4.2372804215786015,0.0,1.0,0.0,0.001,,0.0034966608571724233,0.0,0.0,1.0,1.0,0.0019518746269642903,0.8959013014885392,0.9038853651781275
linear,heteroscedastic,mean,Oracle-WCP-Ridge,0.5,0.9000666666666667,0.014428356499073886,0.010839999999999945,0.005386666666666647,3.104667570142916,4.258131896585743,0.0,0.7767297406478696,0.5361046204560483,0.0046634759492365395,,0.017415314816064842,0.0,0.0,1.0,1.0,0.0026342454407563445,0.8946790298065789,0.9054543035267545
linear,heteroscedastic,mean,Oracle-WCP-Ridge,1.0,0.89604,0.020032346256784916,0.01494666666666664,0.009453333333333322,3.197217806251793,4.4548110850754,1.333333333333e-05,0.36761578011705215,1.323422068234531,0.017386324751355074,,0.05577736624633782,0.0,0.0,1.0,1.0,0.003657389308198425,0.8885597989740533,0.9035202010259465
linear,heteroscedastic,mean,Oracle-WCP-Ridge,1.5,0.8962,0.035231294865943216,0.026866666666666605,0.015333333333333317,3.4163104423011394,4.725659755690755,0.008666666666666626,0.13072759881822466,2.7435395227380877,0.05095090893693148,,0.11909299456684441,0.0,0.0,1.0,1.0,0.006432324976064349,0.8830444182911227,0.9093555817088773
linear,heteroscedastic,mean,Oracle-WCP-Ridge,2.0,0.9039333333333333,0.047417160674557285,0.03793333333333329,0.01699999999999999,3.6375888197540425,5.02253910402365,0.08914666666666661,0.04912611794003981,5.07449967590652,0.11503339101092987,,0.19275755206233738,0.0,0.0,1.0,1.0,0.008657149504767302,0.8862274745498088,0.9216391921168577
linear,heteroscedastic,mean,SCP-Ridge,0.0,0.8998933333333333,0.010690857626103232,0.00789333333333328,0.003999999999999993,3.0889824867448707,4.2372804215786015,0.0,1.0,0.0,0.001,,0.0034966608571724233,,,,,0.0019518746269642903,0.8959013014885392,0.9038853651781275
linear,heteroscedastic,mean,SCP-Ridge,0.5,0.8991866666666667,0.011007951149316898,0.007959999999999953,0.004386666666666653,3.0889824867448707,4.253881922266911,0.0,1.0,0.0,0.001,,0.017415314816064842,,,,,0.0020097677187985944,0.8950762301543784,0.903297103178955
linear,heteroscedastic,mean,SCP-Ridge,1.0,0.8877333333333334,0.01101589238588828,0.013173333333333311,0.012719999999999983,3.0889824867448707,4.455219107235886,0.0,1.0,0.0,0.001,,0.05577736624633782,,,,,0.0020112175836001383,0.8836199315145759,0.8918467351520909
linear,heteroscedastic,mean,SCP-Ridge,1.5,0.87124,0.011651183157324298,0.028759999999999966,0.028759999999999966,3.0889824867448707,4.743466012866422,0.0,1.0,0.0,0.001,,0.11909299456684441,,,,,0.0021272052789635936,0.8668893767085625,0.8755906232914376
linear,heteroscedastic,mean,SCP-Ridge,2.0,0.8519733333333334,0.011561617036805315,0.048026666666666655,0.048026666666666655,3.0889824867448707,5.138976270256027,0.0,1.0,0.0,0.001,,0.19275755206233738,,,,,0.0021108528174314358,0.8476561545809432,0.8562905120857235
linear,heteroscedastic,mixture,CQR-GBR,0.0,0.9024266666666667,0.01153007860526884,0.009999999999999946,0.00378666666666666,4.168598704436725,5.253496045524272,0.0,1.0,0.0,0.001,,0.0034966608571724233,,,,,0.002105094713971149,0.8981212645581561,0.9067320687751773
linear,heteroscedastic,mixture,CQR-GBR,0.5,0.9012533333333334,0.010674227205600482,0.00890666666666662,0.0038266666666666566,4.288076510974946,5.499795813134825,0.0,1.0,0.0,0.001,,0.006443177240479107,,,,,0.0019488383414809063,0.8972675113896119,0.9052391552770548
linear,heteroscedastic,mixture,CQR-GBR,1.0,0.8968266666666668,0.013181359182006124,0.01117333333333329,0.007173333333333313,4.407803100260687,5.7470821913299766,0.0,1.0,0.0,0.001,,0.015616599558429572,,,,,0.0024065759208541995,0.8919046662572929,0.9017486670760406
linear,heteroscedastic,mixture,CQR-GBR,1.5,0.8972666666666667,0.012167150045507185,0.010093333333333284,0.006413333333333316,4.522675393750268,5.905265132172404,0.0,1.0,0.0,0.001,,0.029346894234398554,,,,,0.002221407513491431,0.8927233781728177,0.9018099551605157
linear,heteroscedastic,mixture,CQR-GBR,2.0,0.895,0.01526438270321946,0.012813333333333298,0.008906666666666656,4.638669019201772,6.156493928298925,0.0,1.0,0.0,0.001,,0.049950375142034695,,,,,0.0027868822443149945,0.8893001858247936,0.9006998141752064
linear,heteroscedastic,mixture,Estimated-WCP-Primary,0.0,0.9003333333333333,0.013074253017056978,0.009453333333333284,0.004559999999999996,3.093282137543321,4.240861962223928,0.0,0.9569650806247386,0.20840311984402957,0.002543121023300353,0.49916745333333334,0.0034966608571724233,0.1990040572221131,0.1453210044045727,,0.9569650806247386,0.002387021099990694,0.8954513270232362,0.9052153396434305
linear,heteroscedastic,mixture,Estimated-WCP-Primary,0.5,0.89652,0.015253680166461137,0.01185333333333329,0.00766666666666666,3.1395466372595338,4.390014655792071,0.00025333333333330666,0.838028068592697,0.4365910835719928,0.00682765286152831,0.5434093333333333,0.006443177240479107,0.24243826320498926,0.17567450543598404,0.6127383360749926,1.9582618249115051,0.002784928237379974,0.8908241822176981,0.9022158177823019
linear,heteroscedastic,mixture,Estimated-WCP-Primary,1.0,0.8964266666666667,0.017166103997028025,0.013493333333333283,0.008533333333333313,3.201177180049256,4.498866253069273,0.0036533333333333,0.6422875337914589,0.7640060045294642,0.01387156731854644,0.5916357066666666,0.015616599558429572,0.2655393014383969,0.1968820457848891,0.7540044276174528,3.1136698237477773,0.003134087461217281,0.8900167380899487,0.9028365952433847
linear,heteroscedastic,mixture,Estimated-WCP-Primary,1.5,0.89732,0.02076260564340247,0.015453333333333284,0.009066666666666652,3.268486191326955,4.572600708890016,0.014426666666666607,0.4686292804115641,1.13284756735807,0.023900173096052094,0.6339070133333333,0.029346894234398554,0.2943908539444411,0.22113629396084467,0.8046410116175173,3.7220854384609856,0.003790715821158532,0.8895671156376652,0.9050728843623348
linear,heteroscedastic,mixture,Estimated-WCP-Primary,2.0,0.8954533333333333,0.024225488619439132,0.018066666666666623,0.011306666666666658,3.2890334031255484,4.655897572084209,0.03326666666666663,0.316907859962323,1.7878636671922832,0.04012261123041148,0.6815408266666666,0.049950375142034695,0.30896731572359537,0.23315455921462566,0.8510922546665036,2.927116218794796,0.004422948861150499,0.8864073872168713,0.9044992794497954
linear,heteroscedastic,mixture,Estimated-WCP-Sensitivity,0.0,0.9001466666666667,0.012574076598257617,0.009159999999999934,0.004506666666666649,3.0918901260047424,4.2397188056766275,0.0,0.9702650865476943,0.17233917914005809,0.0021760460411694967,0.49909133333333333,0.0034966608571724233,0.16684450409353807,0.12177457950928465,,0.9702650865476943,0.002295701797554507,0.8954514293008109,0.9048419040325224
linear,heteroscedastic,mixture,Estimated-WCP-Sensitivity,0.5,0.8955466666666666,0.01484029308506321,0.011599999999999961,0.008026666666666647,3.130231612854208,4.391882136122425,9.333333333331666e-05,0.887545373234697,0.35269292814192965,0.00536192817179743,0.5437726,0.006443177240479107,0.20769278927472942,0.14675349222685666,0.6350003057086296,2.1000303741099366,0.0027094544275590173,0.8900052101574152,0.901088123175918
linear,heteroscedastic,mixture,Estimated-WCP-Sensitivity,1.0,0.8941733333333333,0.015246637466109979,0.012573333333333287,0.00919999999999998,3.178168688868981,4.506430448316171,0.0016933333333332967,0.7443200687758842,0.5881653847201392,0.010089559200882491,0.5918626266666667,0.015616599558429572,0.2313454213624197,0.16786053579199828,0.7748701770784021,3.9122119201908636,0.002783642422097281,0.8884801453385618,0.8998665213281047
linear,heteroscedastic,mixture,Estimated-WCP-Sensitivity,1.5,0.8928666666666667,0.018053432825410495,0.01435999999999996,0.010746666666666653,3.2219166387767797,4.590413350597836,0.007626666666666617,0.607488738236815,0.8218302873105546,0.015992622147254908,0.6346647066666667,0.029346894234398554,0.26510753092302747,0.19891228011726808,0.8272963819519225,5.4806468255108705,0.0032960907996271846,0.8861254040601083,0.8996079292732251
linear,heteroscedastic,mixture,Estimated-WCP-Sensitivity,2.0,0.891,0.020691427510294992,0.01619999999999996,0.012599999999999976,3.257431225015066,4.6867153900262215,0.01915999999999996,0.45591831791521137,1.2072424436596905,0.024997911600911072,0.6823949333333333,0.049950375142034695,0.2936499057575635,0.22833396979374346,0.8713306012288641,4.993354069272608,0.0037777205314571747,0.8832736939893705,0.8987263060106295
linear,heteroscedastic,mixture,Oracle-WCP-Ridge,0.0,0.8998933333333333,0.010690857626103232,0.00789333333333328,0.003999999999999993,3.0889824867448707,4.2372804215786015,0.0,1.0,0.0,0.001,,0.0034966608571724233,0.0,0.0,1.0,1.0,0.0019518746269642903,0.8959013014885392,0.9038853651781275
linear,heteroscedastic,mixture,Oracle-WCP-Ridge,0.5,0.8982,0.014387638372263688,0.010226666666666627,0.006013333333333313,3.1360669230152416,4.360889040383837,0.0062799999999999636,0.6336108109201567,0.9199315884120034,0.024891718036602225,,0.006443177240479107,0.0,0.0,1.0,1.0,0.0026268113619052442,0.8928275675383405,0.9035724324616595
linear,heteroscedastic,mixture,Oracle-WCP-Ridge,1.0,0.8980933333333333,0.022353815277738696,0.016466666666666633,0.009186666666666654,3.19744577916474,4.461131657420508,0.020573333333333287,0.37207618223134115,1.785728034515001,0.04715052464387859,,0.015616599558429572,0.0,0.0,1.0,1.0,0.004081229624640364,0.8897462815286687,0.9064403851379979
linear,heteroscedastic,mixture,Oracle-WCP-Ridge,1.5,0.8978400000000001,0.02790241121702812,0.019759999999999948,0.010959999999999982,3.2374021586207733,4.536335310543463,0.040919999999999956,0.22734831075018738,2.6131390755365747,0.0682278643277173,,0.029346894234398554,0.0,0.0,1.0,1.0,0.005094260010783825,0.8874210684212137,0.9082589315787865
linear,heteroscedastic,mixture,Oracle-WCP-Ridge,2.0,0.9001733333333333,0.03358138783903075,0.025666666666666622,0.01274666666666666,3.31443888261027,4.639554104258397,0.06469333333333331,0.14639423584766426,3.4135093755869517,0.08844641083774553,,0.049950375142034695,0.0,0.0,1.0,1.0,0.006131094543922269,0.8876338370333854,0.9127128296332812
linear,heteroscedastic,mixture,SCP-Ridge,0.0,0.8998933333333333,0.010690857626103232,0.00789333333333328,0.003999999999999993,3.0889824867448707,4.2372804215786015,0.0,1.0,0.0,0.001,,0.0034966608571724233,,,,,0.0019518746269642903,0.8959013014885392,0.9038853651781275
linear,heteroscedastic,mixture,SCP-Ridge,0.5,0.89228,0.011004776392470491,0.010466666666666636,0.009093333333333311,3.0889824867448707,4.3930349896915315,0.0,1.0,0.0,0.001,,0.006443177240479107,,,,,0.002009188090152138,0.8881707489614008,0.8963892510385991
linear,heteroscedastic,mixture,SCP-Ridge,1.0,0.8862,0.010606829289953105,0.014359999999999967,0.014079999999999974,3.0889824867448707,4.5262956669260985,0.0,1.0,0.0,0.001,,0.015616599558429572,,,,,0.0019365332219046065,0.882239344851586,0.890160655148414
linear,heteroscedastic,mixture,SCP-Ridge,1.5,0.8790266666666666,0.01236265046164381,0.02097333333333332,0.02097333333333332,3.0889824867448707,4.6536131125884035,0.0,1.0,0.0,0.001,,0.029346894234398554,,,,,0.00225710084279799,0.8744103771176934,0.8836429562156398
linear,heteroscedastic,mixture,SCP-Ridge,2.0,0.8705733333333333,0.013090953268240793,0.029426666666666632,0.029426666666666632,3.0889824867448707,4.812704563178596,0.0,1.0,0.0,0.001,,0.049950375142034695,,,,,0.00239007013475382,0.8656850910469587,0.8754615756197079
linear,heteroscedastic,nonlinear,CQR-GBR,0.0,0.9024266666666667,0.01153007860526884,0.009999999999999946,0.00378666666666666,4.168598704436725,5.253496045524272,0.0,1.0,0.0,0.001,,0.0034966608571724233,,,,,0.002105094713971149,0.8981212645581561,0.9067320687751773
linear,heteroscedastic,nonlinear,CQR-GBR,0.5,0.9031333333333333,0.00986702391400472,0.00867999999999995,0.002773333333333327,4.176827150031753,5.255430492719979,0.0,1.0,0.0,0.001,,0.003918655751701993,,,,,0.0018014638577144332,0.8994489260523051,0.9068177406143616
linear,heteroscedastic,nonlinear,CQR-GBR,1.0,0.9023066666666666,0.01194778679067393,0.01011999999999996,0.003906666666666663,4.2301559748319,5.424911716628836,0.0,1.0,0.0,0.001,,0.0038097105924308297,,,,,0.0021813574458381217,0.8978452897583515,0.9067680435749816
linear,heteroscedastic,nonlinear,CQR-GBR,1.5,0.8993466666666666,0.012979977507374752,0.010839999999999963,0.005746666666666663,4.2909025835514765,5.62842613812921,0.0,1.0,0.0,0.001,,0.004137833395298413,,,,,0.0023698088255662765,0.8944998634104308,0.9041934699229025
linear,heteroscedastic,nonlinear,CQR-GBR,2.0,0.8946799999999999,0.011439869784645925,0.00995999999999995,0.007639999999999984,4.356733704435933,6.04256468035509,0.0,1.0,0.0,0.001,,0.005651695100241553,,,,,0.00208862491199078,0.8904082824186995,0.8989517175813003
linear,heteroscedastic,nonlinear,Estimated-WCP-Primary,0.0,0.9003333333333333,0.013074253017056978,0.009453333333333284,0.004559999999999996,3.093282137543321,4.240861962223928,0.0,0.9569650806247386,0.20840311984402957,0.002543121023300353,0.49916745333333334,0.0034966608571724233,0.1990040572221131,0.1453210044045727,,0.9569650806247386,0.002387021099990694,0.8954513270232362,0.9052153396434305
linear,heteroscedastic,nonlinear,Estimated-WCP-Primary,0.5,0.90164,0.013348320312773948,0.010706666666666616,0.004533333333333317,3.1279816549716357,4.244941883582682,0.0,0.9473909075402508,0.23144462880728342,0.0031829204629926864,0.5003087466666666,0.003918655751701993,,,,,0.002437058713370235,0.8966556552797974,0.9066243447202026
linear,heteroscedastic,nonlinear,Estimated-WCP-Primary,1.0,0.9014266666666667,0.010848515974573425,0.009239999999999953,0.003906666666666653,3.1832508305292913,4.377710261404542,0.0,0.9482801683657889,0.22846547089612648,0.002894525048988823,0.50727824,0.0038097105924308297,,,,,0.001980658971576335,0.8973757642270427,0.9054775691062907
linear,heteroscedastic,nonlinear,Estimated-WCP-Primary,1.5,0.8998933333333333,0.013273539489326606,0.010959999999999958,0.005533333333333327,3.2782097430747283,4.539294078728251,1.333333333333e-05,0.9136913548523201,0.30092175958042383,0.0043873007222368365,0.5219849066666666,0.004137833395298413,,,,,0.002423405665413262,0.8949369122315178,0.9048497544351488
linear,heteroscedastic,nonlinear,Estimated-WCP-Primary,2.0,0.9045466666666666,0.015027141727745387,0.012813333333333277,0.0041333333333333265,3.422070464739238,4.715522681111481,0.00055999999999995,0.8424191450279468,0.42829093198129714,0.0064521155827266365,0.5411500933333334,0.005651695100241553,,,,,0.0027435681663711014,0.8989354397275928,0.9101578936057404
linear,heteroscedastic,nonlinear,Estimated-WCP-Sensitivity,0.0,0.9001466666666667,0.012574076598257617,0.009159999999999934,0.004506666666666649,3.0918901260047424,4.2397188056766275,0.0,0.9702650865476943,0.17233917914005809,0.0021760460411694967,0.49909133333333333,0.0034966608571724233,0.16684450409353807,0.12177457950928465,,0.9702650865476943,0.002295701797554507,0.8954514293008109,0.9048419040325224
linear,heteroscedastic,nonlinear,Estimated-WCP-Sensitivity,0.5,0.9011066666666667,0.01325846335646452,0.010546666666666617,0.004719999999999984,3.119603487175145,4.244920909453978,0.0,0.9643126580018443,0.1891766311779916,0.0026421266324169698,0.5002945466666666,0.003918655751701993,,,,,0.002420653152730425,0.8961558750853805,0.9060574582479529
linear,heteroscedastic,nonlinear,Estimated-WCP-Sensitivity,1.0,0.9002666666666667,0.010615451761086461,0.008906666666666617,0.00431999999999999,3.16762963782448,4.377233639990757,0.0,0.9654597912148325,0.18537407716386448,0.0024172672241650132,0.50718312,0.0038097105924308297,,,,,0.0019381074625516653,0.8963027918346174,0.904230541498716
linear,heteroscedastic,nonlinear,Estimated-WCP-Sensitivity,1.5,0.8962533333333333,0.012928869949106902,0.010653333333333292,0.007199999999999987,3.230172336924883,4.5397922764349925,1.333333333333e-05,0.9468916875083633,0.23222802758057812,0.003295818534832587,0.52151112,0.004137833395298413,,,,,0.0023604779047255065,0.8914256139529895,0.9010810527136772
linear,heteroscedastic,nonlinear,Estimated-WCP-Sensitivity,2.0,0.8963333333333333,0.013965507591879738,0.01078666666666663,0.00722666666666666,3.3107330467553524,4.720280370327228,0.00023999999999998334,0.9170246111829489,0.2976249140431859,0.004195792180674287,0.5397584,0.005651695100241553,,,,,0.002549741178360728,0.8911185270955836,0.901548139571083
linear,heteroscedastic,nonlinear,Oracle-WCP-Ridge,0.0,0.8998933333333333,0.010690857626103232,0.00789333333333328,0.003999999999999993,3.0889824867448707,4.2372804215786015,0.0,1.0,0.0,0.001,,0.0034966608571724233,0.0,0.0,1.0,1.0,0.0019518746269642903,0.8959013014885392,0.9038853651781275
linear,heteroscedastic,nonlinear,SCP-Ridge,0.0,0.8998933333333333,0.010690857626103232,0.00789333333333328,0.003999999999999993,3.0889824867448707,4.2372804215786015,0.0,1.0,0.0,0.001,,0.0034966608571724233,,,,,0.0019518746269642903,0.8959013014885392,0.9038853651781275
linear,heteroscedastic,nonlinear,SCP-Ridge,0.5,0.89868,0.01245356616976952,0.0097733333333333,0.005546666666666654,3.0889824867448707,4.243165209803111,0.0,1.0,0.0,0.001,,0.003918655751701993,,,,,0.0022736997041886593,0.894029761967685,0.903330238032315
linear,heteroscedastic,nonlinear,SCP-Ridge,1.0,0.8935733333333334,0.010687760751675608,0.009066666666666627,0.00774666666666665,3.0889824867448707,4.3795933897067805,0.0,1.0,0.0,0.001,,0.0038097105924308297,,,,,0.0019513092176370336,0.8895824578804554,0.8975642087862115
linear,heteroscedastic,nonlinear,SCP-Ridge,1.5,0.8843599999999999,0.011068364362234042,0.01563999999999997,0.01563999999999997,3.0889824867448707,4.551667835625415,0.0,1.0,0.0,0.001,,0.004137833395298413,,,,,0.002020797611960622,0.8802270048232671,0.8884929951767327
linear,heteroscedastic,nonlinear,SCP-Ridge,2.0,0.87776,0.012731541066620094,0.022879999999999966,0.02255999999999997,3.0889824867448707,4.76208543065404,0.0,1.0,0.0,0.001,,0.005651695100241553,,,,,0.002324450744663736,0.8730059644353363,0.8825140355646637
linear,heteroscedastic,tail_mixture,CQR-GBR,0.0,0.9024266666666667,0.01153007860526884,0.009999999999999946,0.00378666666666666,4.168598704436725,5.253496045524272,0.0,1.0,0.0,0.001,,0.0034966608571724233,,,,,0.002105094713971149,0.8981212645581561,0.9067320687751773
linear,heteroscedastic,tail_mixture,CQR-GBR,0.5,0.8854533333333333,0.01194399959966435,0.015506666666666644,0.015026666666666648,4.337682858283392,6.532146135699525,0.0,1.0,0.0,0.001,,0.005675264197804034,,,,,0.0021806660025229458,0.8809933705853824,0.8899132960812842
linear,heteroscedastic,tail_mixture,CQR-GBR,1.0,0.8659733333333333,0.013331604485616872,0.03402666666666664,0.03402666666666664,4.5205758405416905,7.746873802510828,0.0,1.0,0.0,0.001,,0.010317766624931717,,,,,0.0024340068348364724,0.8609952304055721,0.8709514362610944
linear,heteroscedastic,tail_mixture,CQR-GBR,1.5,0.8478,0.01144064140955695,0.052199999999999976,0.052199999999999976,4.687212900475983,9.03540766275283,0.0,1.0,0.0,0.001,,0.015978254679413953,,,,,0.0020887657907806803,0.8435279942892226,0.8520720057107773
linear,heteroscedastic,tail_mixture,CQR-GBR,2.0,0.8281466666666667,0.01267241732739021,0.07185333333333331,0.07185333333333331,4.85281137302402,10.358187783467264,0.0,1.0,0.0,0.001,,0.02609700951955197,,,,,0.002313656276110316,0.8234147082690595,0.8328786250642739
linear,heteroscedastic,tail_mixture,Estimated-WCP-Primary,0.0,0.9003333333333333,0.013074253017056978,0.009453333333333284,0.004559999999999996,3.093282137543321,4.240861962223928,0.0,0.9569650806247386,0.20840311984402957,0.002543121023300353,0.49916745333333334,0.0034966608571724233,0.1990040572221131,0.1453210044045727,,0.9569650806247386,0.002387021099990694,0.8954513270232362,0.9052153396434305
linear,heteroscedastic,tail_mixture,Estimated-WCP-Primary,0.5,0.8990933333333333,0.012022477033581284,0.009039999999999973,0.004973333333333327,3.19528322929177,4.573957116987489,0.0030266666666666163,0.9005978162159312,0.3290758607607037,0.004863282011851123,0.5314088666666666,0.005675264197804034,0.23902457324990994,0.18317684616952243,0.43295318603514477,5.350418508437956,0.0021949939561267547,0.8946040666299607,0.9035826000367059
linear,heteroscedastic,tail_mixture,Estimated-WCP-Primary,1.0,0.89352,0.012924993163474474,0.01010666666666664,0.008293333333333324,3.2376836222163807,4.838572004165551,0.012559999999999953,0.8513585638334298,0.41537318326707723,0.006219133917596543,0.5708268666666666,0.010317766624931717,0.27560460049368085,0.21641660857027512,0.5551012880357572,11.186370909697017,0.002359770103745009,0.8886937282352021,0.8983462717647979
linear,heteroscedastic,tail_mixture,Estimated-WCP-Primary,1.5,0.8906666666666666,0.0171710528934968,0.01559999999999996,0.01246666666666665,3.32136635499582,5.028489682854715,0.027986666666666615,0.8083701449891101,0.4858421271858254,0.007044238172172357,0.6032556800000001,0.015978254679413953,0.31176066992803847,0.2521199250510772,0.6318213564625867,18.53707824352672,0.00313499100196085,0.8842548901416369,0.8970784431916963
linear,heteroscedastic,tail_mixture,Estimated-WCP-Primary,2.0,0.8903333333333333,0.012930406115000813,0.012333333333333297,0.010999999999999977,3.3541726765135778,5.209734725928291,0.050639999999999956,0.7548438786069736,0.5710811501913572,0.008614549446124593,0.6374353866666667,0.02609700951955197,0.3433946743878748,0.28168491720864275,0.677335566746903,21.142966261040872,0.0023607583689628947,0.8855050403392175,0.8951616263274491
linear,heteroscedastic,tail_mixture,Estimated-WCP-Sensitivity,0.0,0.9001466666666667,0.012574076598257617,0.009159999999999934,0.004506666666666649,3.0918901260047424,4.2397188056766275,0.0,0.9702650865476943,0.17233917914005809,0.0021760460411694967,0.49909133333333333,0.0034966608571724233,0.16684450409353807,0.12177457950928465,,0.9702650865476943,0.002295701797554507,0.8954514293008109,0.9048419040325224
linear,heteroscedastic,tail_mixture,Estimated-WCP-Sensitivity,0.5,0.89608,0.011090300204263602,0.008533333333333308,0.00622666666666666,3.170211183647605,4.604031312187362,0.0010133333333332934,0.949178064430392,0.22976509375258625,0.0032959416018818366,0.5317602133333333,0.005675264197804034,0.19100299724775993,0.1424469074035833,0.44378649817818017,5.867532789005324,0.0020248025304597755,0.8919388138452383,0.9002211861547617
linear,heteroscedastic,tail_mixture,Estimated-WCP-Sensitivity,1.0,0.8863866666666667,0.013432018702964267,0.014813333333333317,0.014213333333333321,3.195400928213416,4.9352243167529775,0.00394666666666662,0.9360725085623186,0.26015340926274133,0.0036293890418285465,0.5713384933333334,0.010317766624931717,0.21954959456212428,0.16752014127272502,0.5668493279870078,13.66585796838297,0.0024523398788149375,0.8813710684539302,0.8914022648794031
linear,heteroscedastic,tail_mixture,Estimated-WCP-Sensitivity,1.5,0.8767733333333333,0.0147070457741281,0.023519999999999965,0.0233733333333333,3.235170891290918,5.238594065968887,0.00869333333333328,0.9230651759508336,0.2878506393762242,0.0037744092092277534,0.6035354133333333,0.015978254679413953,0.25446824396573936,0.20100549071349347,0.6394627889438199,22.153705665721034,0.0026851269082503295,0.8712816321876916,0.882265034478975
linear,heteroscedastic,tail_mixture,Estimated-WCP-Sensitivity,2.0,0.8699733333333334,0.012597507507530966,0.03002666666666663,0.03002666666666663,3.247217186706722,5.548381885446902,0.015613333333333278,0.912057107833051,0.30943960273386784,0.00407114371931618,0.6377033733333334,0.02609700951955197,0.2895079937459505,0.23376763190827457,0.6896047999808972,30.171917928838152,0.0022999796767384636,0.865269346722165,0.8746773199445017
linear,heteroscedastic,tail_mixture,Oracle-WCP-Ridge,0.0,0.8998933333333333,0.010690857626103232,0.00789333333333328,0.003999999999999993,3.0889824867448707,4.2372804215786015,0.0,1.0,0.0,0.001,,0.0034966608571724233,0.0,0.0,1.0,1.0,0.0019518746269642903,0.8959013014885392,0.9038853651781275
linear,heteroscedastic,tail_mixture,Oracle-WCP-Ridge,0.5,0.9016266666666667,0.011379319818874505,0.008479999999999948,0.003426666666666663,3.0943114451920404,4.327762168737916,0.035919999999999966,0.7317920111524558,1.0716498534599261,0.032496057669944116,,0.005675264197804034,0.0,0.0,1.0,1.0,0.0020775700512877227,0.8973775588141659,0.9058757745191675
linear,heteroscedastic,tail_mixture,Oracle-WCP-Ridge,1.0,0.90292,0.017233535871105782,0.013479999999999943,0.005279999999999999,3.1089291354817004,4.396970441741123,0.07878666666666662,0.587855624874165,1.9353103644830056,0.05752011365073836,,0.010317766624931717,0.0,0.0,1.0,1.0,0.0031463987807263598,0.8964848919476882,0.9093551080523117
linear,heteroscedastic,tail_mixture,Oracle-WCP-Ridge,1.5,0.9015333333333333,0.027816558369795328,0.018893333333333283,0.00867999999999999,3.1225622925499263,4.503689398745247,0.12055999999999996,0.4641886503694676,2.705684637923208,0.07961906236736473,,0.015978254679413953,0.0,0.0,1.0,1.0,0.005078585497098677,0.8911464597345619,0.9119202069321047
linear,heteroscedastic,tail_mixture,Oracle-WCP-Ridge,2.0,0.9035333333333334,0.036318299114560866,0.0228666666666666,0.009666666666666653,3.1478807960980446,4.665601408966874,0.16604,0.3594889777093849,3.4284843234211206,0.10017837521210085,,0.02609700951955197,0.0,0.0,1.0,1.0,0.006630783891754963,0.8899718575673401,0.9170948090993267
linear,heteroscedastic,tail_mixture,SCP-Ridge,0.0,0.8998933333333333,0.010690857626103232,0.00789333333333328,0.003999999999999993,3.0889824867448707,4.2372804215786015,0.0,1.0,0.0,0.001,,0.0034966608571724233,,,,,0.0019518746269642903,0.8959013014885392,0.9038853651781275
linear,heteroscedastic,tail_mixture,SCP-Ridge,0.5,0.8894666666666667,0.01073226952677774,0.011093333333333304,0.01081333333333331,3.0889824867448707,4.634770030102307,0.0,1.0,0.0,0.001,,0.005675264197804034,,,,,0.001959435371013821,0.885459171364026,0.8934741619693075
linear,heteroscedastic,tail_mixture,SCP-Ridge,1.0,0.8763333333333333,0.01247124508711894,0.023666666666666628,0.023666666666666628,3.0889824867448707,5.021034522702038,0.0,1.0,0.0,0.001,,0.010317766624931717,,,,,0.0022769274181301744,0.8716764938847887,0.8809901727818779
linear,heteroscedastic,tail_mixture,SCP-Ridge,1.5,0.86044,0.012947575994676788,0.03955999999999998,0.03955999999999998,3.0889824867448707,5.435675766956219,0.0,1.0,0.0,0.001,,0.015978254679413953,,,,,0.002363893145765622,0.8556052956674458,0.8652747043325542
linear,heteroscedastic,tail_mixture,SCP-Ridge,2.0,0.8488266666666667,0.013927074434311418,0.05117333333333331,0.05117333333333331,3.0889824867448707,5.855839401443793,0.0,1.0,0.0,0.001,,0.02609700951955197,,,,,0.0025427242759086216,0.843626211605808,0.8540271217275255
linear,heteroscedastic,variance,CQR-GBR,0.0,0.9024266666666667,0.01153007860526884,0.009999999999999946,0.00378666666666666,4.168598704436725,5.253496045524272,0.0,1.0,0.0,0.001,,0.0034966608571724233,,,,,0.002105094713971149,0.8981212645581561,0.9067320687751773
linear,heteroscedastic,variance,CQR-GBR,0.5,0.8897066666666666,0.010215300671839879,0.011919999999999981,0.01110666666666665,4.459142258130917,5.9054622998066595,0.0,1.0,0.0,0.001,,0.00695307394456465,,,,,0.00186505020322146,0.8858922107069724,0.8935211226263609
linear,heteroscedastic,variance,CQR-GBR,1.0,0.8700399999999999,0.011429351204924896,0.02995999999999997,0.02995999999999997,4.76300903131602,6.77027479678322,0.0,1.0,0.0,0.001,,0.015328342911341887,,,,,0.002086704490862072,0.8657722101209174,0.8743077898790824
linear,heteroscedastic,variance,CQR-GBR,1.5,0.8448666666666667,0.01249246209501562,0.055133333333333305,0.055133333333333305,5.089341790892606,8.033297332639519,0.0,1.0,0.0,0.001,,0.028303286660260767,,,,,0.0022808010960727668,0.8402019046571698,0.8495314286761635
linear,heteroscedastic,variance,CQR-GBR,2.0,0.8113466666666667,0.016728083620343233,0.08865333333333332,0.08865333333333332,5.42058458083217,9.769259942462572,0.0,1.0,0.0,0.001,,0.04729622235169514,,,,,0.0030541162475648913,0.8051002975866278,0.8175930357467055
linear,heteroscedastic,variance,Estimated-WCP-Primary,0.0,0.9003333333333333,0.013074253017056978,0.009453333333333284,0.004559999999999996,3.093282137543321,4.240861962223928,0.0,0.9569650806247386,0.20840311984402957,0.002543121023300353,0.49916745333333334,0.0034966608571724233,0.1990040572221131,0.1453210044045727,,0.9569650806247386,0.002387021099990694,0.8954513270232362,0.9052153396434305
linear,heteroscedastic,variance,Estimated-WCP-Primary,0.5,0.90164,0.016235627065404552,0.01323999999999995,0.005799999999999983,3.3032206886205753,4.548543857666584,0.0,0.6832458774307995,0.6888281430997689,0.011355685513990152,0.59401444,0.00695307394456465,0.19525472172782463,0.1445446061956817,0.8833647589539404,0.8471320275877279,0.0029642063929878255,0.8955775172196621,0.9077024827803379
linear,heteroscedastic,variance,Estimated-WCP-Primary,1.0,0.9010666666666667,0.022378396807594608,0.016346666666666627,0.007639999999999997,3.5301619119601266,4.896181744109308,0.0033466666666666267,0.31913649346692546,1.665001256020048,0.034132450784096796,0.6939194666666667,0.015328342911341887,0.19607758633718986,0.1460141147098994,0.9566168969094891,0.9427020065185007,0.004085717577440388,0.892710435967903,0.9094228973654304
linear,heteroscedastic,variance,Estimated-WCP-Primary,1.5,0.9012266666666666,0.045979537677726494,0.033279999999999955,0.016026666666666654,3.835247258490591,5.3306702558933665,0.03529333333333329,0.1309381851416616,3.9613655758381996,0.10233990203320857,0.7806464666666667,0.028303286660260767,0.20998052543621606,0.1654919219747114,0.9777489954474701,0.9780785555030836,0.008394676656583167,0.8840576251325033,0.9183957082008299
linear,heteroscedastic,variance,Estimated-WCP-Primary,2.0,0.9047866666666666,0.04834422358486056,0.038493333333333296,0.016853333333333328,3.970791746361065,5.594883509768561,0.12002666666666663,0.08010019182138016,5.050965406899298,0.13573465807254595,0.84713284,0.04729622235169514,0.26034284174697736,0.2212393117543228,0.9843457498793976,1.3812705368483797,0.008826407260833799,0.886734636903274,0.9228386964300592
linear,heteroscedastic,variance,Estimated-WCP-Sensitivity,0.0,0.9001466666666667,0.012574076598257617,0.009159999999999934,0.004506666666666649,3.0918901260047424,4.2397188056766275,0.0,0.9702650865476943,0.17233917914005809,0.0021760460411694967,0.49909133333333333,0.0034966608571724233,0.16684450409353807,0.12177457950928465,,0.9702650865476943,0.002295701797554507,0.8954514293008109,0.9048419040325224
linear,heteroscedastic,variance,Estimated-WCP-Sensitivity,0.5,0.8982,0.014874092264392296,0.011506666666666604,0.006653333333333306,3.254192723773948,4.546202692928134,0.0,0.8066391208764881,0.48813139881828144,0.007243928121650987,0.5942156533333333,0.00695307394456465,0.1636044496581879,0.1203376718874654,0.8863008724927132,1.0034593890236496,0.0027156252852069186,0.8926459226697697,0.9037540773302303
linear,heteroscedastic,variance,Estimated-WCP-Sensitivity,1.0,0.8909199999999999,0.01598245589863223,0.013239999999999957,0.011159999999999977,3.386311759956425,4.900881740901145,0.0007066666666666367,0.5535501571263307,0.924968726754279,0.01581730326927959,0.69439784,0.015328342911341887,0.2318391508339595,0.19578625130986396,0.9603749319703442,1.8100014004359508,0.0029179838733374578,0.884952052886985,0.8968879471130149
linear,heteroscedastic,variance,Estimated-WCP-Sensitivity,1.5,0.8852533333333333,0.02068715632419326,0.01927999999999996,0.017013333333333318,3.5132334543733226,5.265024228643513,0.01038666666666663,0.394808705989034,1.4179712566012506,0.03005667638965785,0.78128292,0.028303286660260767,0.43935743873886346,0.393110000873892,0.9816914645567573,3.977352523157509,0.0037769407231321014,0.8775286222098054,0.8929780444568612
linear,heteroscedastic,variance,Estimated-WCP-Sensitivity,2.0,0.8751066666666667,0.022083648707355543,0.026226666666666645,0.025559999999999982,3.573151867957483,5.6384039666661625,0.03961333333333327,0.39851287795871443,1.3335218037615573,0.02762221640735054,0.8475128000000001,0.04729622235169514,0.8193920170052286,0.749068482662917,0.9873542699090697,11.929131014800243,0.004031904183012811,0.86686049671733,0.8833528366160034
linear,heteroscedastic,variance,Oracle-WCP-Ridge,0.0,0.8998933333333333,0.010690857626103232,0.00789333333333328,0.003999999999999993,3.0889824867448707,4.2372804215786015,0.0,1.0,0.0,0.001,,0.0034966608571724233,0.0,0.0,1.0,1.0,0.0019518746269642903,0.8959013014885392,0.9038853651781275
linear,heteroscedastic,variance,Oracle-WCP-Ridge,0.5,0.9006933333333333,0.013238994996061711,0.010613333333333285,0.004959999999999993,3.288991274721828,4.543124248368264,0.0,0.8043879325875135,0.49256278555712457,0.00705950654026465,,0.00695307394456465,0.0,0.0,1.0,1.0,0.002417098732680339,0.8957498113572941,0.9056368553093725
linear,heteroscedastic,variance,Oracle-WCP-Ridge,1.0,0.9001866666666667,0.018449030127453258,0.014613333333333305,0.007213333333333327,3.5058713232803798,4.886686918396553,0.00253333333333329,0.36071854472735887,1.4934776910068406,0.0307327281490644,,0.015328342911341887,0.0,0.0,1.0,1.0,0.0033683166549661864,0.8932976855998406,0.9070756477334928
linear,heteroscedastic,variance,Oracle-WCP-Ridge,1.5,0.9055866666666667,0.03360976595896039,0.02806666666666663,0.011239999999999997,3.7883873365537672,5.2180236288421264,0.03665333333333329,0.14152499349466444,3.3751243244658964,0.08259912728576471,,0.028303286660260767,0.0,0.0,1.0,1.0,0.006136275656063952,0.8930365738025874,0.9181367595307459
linear,heteroscedastic,variance,Oracle-WCP-Ridge,2.0,0.9056266666666667,0.0532723835638571,0.043653333333333294,0.01901333333333332,3.9780080039578456,5.581434094257887,0.1349733333333333,0.06685798574605294,5.683505448491112,0.1488091657082063,,0.04729622235169514,0.0,0.0,1.0,1.0,0.009726162056663995,0.8857344317241911,0.9255189016091423
linear,heteroscedastic,variance,SCP-Ridge,0.0,0.8998933333333333,0.010690857626103232,0.00789333333333328,0.003999999999999993,3.0889824867448707,4.2372804215786015,0.0,1.0,0.0,0.001,,0.0034966608571724233,,,,,0.0019518746269642903,0.8959013014885392,0.9038853651781275
linear,heteroscedastic,variance,SCP-Ridge,0.5,0.88388,0.011866452277541597,0.016493333333333318,0.016306666666666653,3.0889824867448707,4.557338524682339,0.0,1.0,0.0,0.001,,0.00695307394456465,,,,,0.0021665078633226957,0.8794489938980188,0.8883110061019812
linear,heteroscedastic,variance,SCP-Ridge,1.0,0.8650933333333334,0.011787045294797531,0.034906666666666634,0.034906666666666634,3.0889824867448707,4.973023459928201,0.0,1.0,0.0,0.001,,0.015328342911341887,,,,,0.0021520101980985794,0.8606919782860103,0.8694946883806565
linear,heteroscedastic,variance,SCP-Ridge,1.5,0.8447866666666667,0.016556689102081606,0.05521333333333329,0.05521333333333329,3.0889824867448707,5.481081795580339,0.0,1.0,0.0,0.001,,0.028303286660260767,,,,,0.0030228240329366832,0.8386042973515535,0.8509690359817799
linear,heteroscedastic,variance,SCP-Ridge,2.0,0.8195466666666668,0.013437460077460097,0.08045333333333331,0.08045333333333331,3.0889824867448707,6.088839951075911,0.0,1.0,0.0,0.001,,0.04729622235169514,,,,,0.0024533333333333373,0.8145290366113012,0.8245642967220324
nonlinear,gaussian,mean,CQR-GBR,0.0,0.9021733333333334,0.009707833073786651,0.008199999999999947,0.00301333333333332,5.040311963037455,6.450279091989876,0.0,1.0,0.0,0.001,,0.004185435629133746,,,,,0.001772399719669221,0.8985483688889582,0.9057982977777086
nonlinear,gaussian,mean,CQR-GBR,0.5,0.8933333333333333,0.013427027127077105,0.010986666666666634,0.00882666666666665,5.039485114950619,6.688505984619377,0.0,1.0,0.0,0.001,,0.017798142064929412,,,,,0.002451428545911305,0.8883195990056653,0.8983470676610014
nonlinear,gaussian,mean,CQR-GBR,1.0,0.8696266666666667,0.0154651763055233,0.031013333333333306,0.03069333333333331,5.103110637809739,7.479951302860237,0.0,1.0,0.0,0.001,,0.06211814412282047,,,,,0.002823541972776506,0.8638518749281383,0.875401458405195
nonlinear,gaussian,mean,CQR-GBR,1.5,0.81856,0.020272515792365893,0.08143999999999997,0.08143999999999997,5.242049070198186,9.217461726312104,0.0,1.0,0.0,0.001,,0.12102397900166444,,,,,0.0037012380656195054,0.8109901181956051,0.8261298818043948
nonlinear,gaussian,mean,CQR-GBR,2.0,0.7410666666666667,0.030089949442816673,0.15893333333333332,0.15893333333333332,5.454309671123548,12.467365408665408,0.0,1.0,0.0,0.001,,0.19777459447124762,,,,,0.005493648021340232,0.729830894889978,0.7523024384433553
nonlinear,gaussian,mean,Estimated-WCP-Primary,0.0,0.9075066666666667,0.01340661013837198,0.0117466666666666,0.002119999999999987,5.517605924207155,7.3394363680189745,0.0,0.9554627569365264,0.21000371540612575,0.002756838635599327,0.4977024666666666,0.004185435629133746,0.19597403720398948,0.14299587449990947,,0.9554627569365265,0.002447700930821263,0.9025005561678753,0.9125127771654581
nonlinear,gaussian,mean,Estimated-WCP-Primary,0.5,0.9064666666666666,0.015896938185643195,0.014733333333333288,0.0041333333333333265,5.714162034466185,7.6296143969269155,0.0,0.7170933193648429,0.6292024292408129,0.006780360451709277,0.6285742,0.017798142064929412,0.2113459054718632,0.15278746155828302,0.9243176994478941,0.92512334850129,0.0029023705465140086,0.9005306523924833,0.91240268094085
nonlinear,gaussian,mean,Estimated-WCP-Primary,1.0,0.90576,0.023812277331749235,0.018799999999999966,0.006519999999999997,6.273297485591758,8.430669189880437,0.0003333333333333067,0.3127267884924533,1.5209161043308046,0.022919336408929746,0.7546881866666666,0.06211814412282047,0.24705394323079471,0.18074827191624301,0.9724184485105437,0.8513556839949479,0.004347507146722661,0.8968683495141391,0.914651650485861
nonlinear,gaussian,mean,Estimated-WCP-Primary,1.5,0.91948,0.047220936326868884,0.042359999999999946,0.011439999999999983,7.694001791400116,9.59150186010084,0.01885333333333328,0.09599198136287905,3.4947039168419534,0.07181401209975508,0.8526169333333333,0.12102397900166444,0.3392261617688943,0.2515066808370626,0.978039863940888,0.7023704675632623,0.008621324004247076,0.9018474125920837,0.9371125874079163
nonlinear,gaussian,mean,Estimated-WCP-Primary,2.0,0.9311466666666667,0.04569231228881781,0.04669333333333326,0.0077733333333333265,8.80076753486901,10.568937785244621,0.1181333333333333,0.03403053165697126,7.254906197501949,0.18395211864056005,0.9189328,0.19777459447124762,0.5477867196169047,0.3938531088615882,0.9776978585646934,0.57215825539796,0.008342236715052007,0.9140848768553546,0.9482084564779788
nonlinear,gaussian,mean,Estimated-WCP-Sensitivity,0.0,0.90672,0.01260559262856142,0.01106666666666661,0.0021733333333333266,5.495495171001532,7.334383669947423,0.0,0.9695615580427337,0.17279738705284206,0.0023232324745568367,0.49771188,0.004185435629133746,0.16440463045674408,0.11985551071276276,,0.9695615580427337,0.002301455811127977,0.9020129943550225,0.9114270056449775
nonlinear,gaussian,mean,Estimated-WCP-Sensitivity,0.5,0.9040933333333333,0.01462418717654808,0.01299999999999995,0.0044533333333333265,5.6509781936400465,7.620239155911912,0.0,0.7879222947451809,0.5182458686116803,0.005420907648089081,0.6288876133333333,0.017798142064929412,0.19222806474730314,0.1410115767394994,0.9244932833653235,1.0166303028118422,0.002669999067257723,0.8986325720965112,0.9095540945701555
nonlinear,gaussian,mean,Estimated-WCP-Sensitivity,1.0,0.90164,0.022063819658686354,0.016306666666666615,0.007333333333333313,6.148385692968467,8.421610836923834,0.00031999999999996,0.3802046394900934,1.3279934317731619,0.021034570432692176,0.7552086266666667,0.06211814412282047,0.3740659609733949,0.2634136278532051,0.9639724591501928,1.0213086611087145,0.00402828391059615,0.8934012343391226,0.9098787656608774
nonlinear,gaussian,mean,Estimated-WCP-Sensitivity,1.5,0.9087466666666667,0.04297216206619904,0.0354933333333333,0.013373333333333329,7.255288339910354,9.390952507136209,0.018653333333333275,0.12565291050992217,3.2819127337061214,0.07244659916551068,0.8533998933333333,0.12102397900166444,0.7902010686174996,0.5408152974227531,0.9507766127869218,0.8433053542838053,0.007845607502808341,0.8927005976413843,0.9247927356919491
nonlinear,gaussian,mean,Estimated-WCP-Sensitivity,2.0,0.9177066666666666,0.04886315114920328,0.04389333333333329,0.01309333333333333,8.202200113036662,10.287433104714387,0.1020533333333333,0.0576755412622531,6.04641483895895,0.152450054683522,0.9195698666666666,0.19777459447124762,1.4307914498106178,1.01661199475589,0.9287347325701707,0.9065344189162003,0.008921150038401039,0.8994608661662155,0.9359524671671177
nonlinear,gaussian,mean,Oracle-WCP-Ridge,0.0,0.9016,0.011852891397577168,0.009439999999999957,0.003919999999999996,5.398518794699807,7.326699970327782,0.0,1.0,0.0,0.001,,0.004185435629133746,0.0,0.0,1.0,1.0,0.002164031996703983,0.8971740576138173,0.9060259423861826
nonlinear,gaussian,mean,Oracle-WCP-Ridge,0.5,0.90148,0.014697370161194578,0.012279999999999963,0.005399999999999997,5.608120406679294,7.6211767919570965,0.0,0.7750438502888937,0.5387010447447378,0.00455833204728995,,0.017798142064929412,0.0,0.0,1.0,1.0,0.0026833603910965368,0.8959919117876045,0.9069680882123954
nonlinear,gaussian,mean,Oracle-WCP-Ridge,1.0,0.9009333333333333,0.022817859510560545,0.015973333333333287,0.007519999999999987,6.151885380751342,8.46184592710769,0.0,0.36899406880025754,1.3310071251053666,0.016832938070938993,,0.06211814412282047,0.0,0.0,1.0,1.0,0.0041659521226392665,0.8924130045644058,0.9094536621022608
nonlinear,gaussian,mean,Oracle-WCP-Ridge,1.5,0.9034666666666666,0.04230116435450833,0.03397333333333329,0.015253333333333325,7.233234537066104,9.516836909865164,0.008439999999999967,0.13796197538228544,2.757898967242859,0.04886073899413308,,0.12102397900166444,0.0,0.0,1.0,1.0,0.007723100641899223,0.8876711523046803,0.919262181028653
nonlinear,gaussian,mean,Oracle-WCP-Ridge,2.0,0.9223866666666667,0.0487680487072493,0.044546666666666616,0.01107999999999999,8.513955709280562,10.462018133220543,0.08686666666666663,0.05557132963342092,4.999458261089196,0.10722505314278212,,0.19777459447124762,0.0,0.0,1.0,1.0,0.008903786787490367,0.9041763780016618,0.9405969553316715
nonlinear,gaussian,mean,SCP-Ridge,0.0,0.9016,0.011852891397577168,0.009439999999999957,0.003919999999999996,5.398518794699807,7.326699970327782,0.0,1.0,0.0,0.001,,0.004185435629133746,,,,,0.002164031996703983,0.8971740576138173,0.9060259423861826
nonlinear,gaussian,mean,SCP-Ridge,0.5,0.8914799999999999,0.012955158738164283,0.01190666666666664,0.01021333333333332,5.398518794699807,7.625724672987162,0.0,1.0,0.0,0.001,,0.017798142064929412,,,,,0.002365277558984247,0.8866424642244941,0.8963175357755058
nonlinear,gaussian,mean,SCP-Ridge,1.0,0.8660933333333334,0.014993399313981647,0.033906666666666634,0.033906666666666634,5.398518794699807,8.582860487894214,0.0,1.0,0.0,0.001,,0.06211814412282047,,,,,0.002737407672650077,0.860494706018628,0.8716919606480388
nonlinear,gaussian,mean,SCP-Ridge,1.5,0.8153199999999999,0.016642330738625314,0.08467999999999996,0.08467999999999996,5.398518794699807,10.488348494167395,0.0,1.0,0.0,0.001,,0.12102397900166444,,,,,0.0030384599850022324,0.8091056515722392,0.8215343484277606
nonlinear,gaussian,mean,SCP-Ridge,2.0,0.74104,0.0186325928748894,0.15896,0.15896,5.398518794699807,14.00603469448246,0.0,1.0,0.0,0.001,,0.19777459447124762,,,,,0.003401830474128986,0.734082475476801,0.747997524523199
nonlinear,gaussian,mixture,CQR-GBR,0.0,0.9021733333333334,0.009707833073786651,0.008199999999999947,0.00301333333333332,5.040311963037455,6.450279091989876,0.0,1.0,0.0,0.001,,0.004185435629133746,,,,,0.001772399719669221,0.8985483688889582,0.9057982977777086
nonlinear,gaussian,mixture,CQR-GBR,0.5,0.8745200000000001,0.0129726077457132,0.02547999999999997,0.02547999999999997,5.113544646173537,7.601512720029599,0.0,1.0,0.0,0.001,,0.006770954186836274,,,,,0.0023684632973311206,0.8696759486579951,0.879364051342005
nonlinear,gaussian,mixture,CQR-GBR,1.0,0.8493333333333334,0.012563914757072664,0.05066666666666664,0.05066666666666664,5.175938130648166,8.642518901698498,0.0,1.0,0.0,0.001,,0.01806549972821111,,,,,0.002293846507673579,0.8446418904613368,0.85402477620533
nonlinear,gaussian,mixture,CQR-GBR,1.5,0.8248533333333333,0.016916095851306073,0.07514666666666664,0.07514666666666664,5.240050536874383,9.827458485831446,0.0,1.0,0.0,0.001,,0.03154793039335059,,,,,0.0030884424275599643,0.8185367593324674,0.8311699073341993
nonlinear,gaussian,mixture,CQR-GBR,2.0,0.7997866666666666,0.018100328313527123,0.10021333333333331,0.10021333333333331,5.310417452086628,10.83337806541064,0.0,1.0,0.0,0.001,,0.05149854090627693,,,,,0.0033046527051894155,0.7930278929970592,0.8065454403362741
nonlinear,gaussian,mixture,Estimated-WCP-Primary,0.0,0.9075066666666667,0.01340661013837198,0.0117466666666666,0.002119999999999987,5.517605924207155,7.3394363680189745,0.0,0.9554627569365264,0.21000371540612575,0.002756838635599327,0.4977024666666666,0.004185435629133746,0.19597403720398948,0.14299587449990947,,0.9554627569365265,0.002447700930821263,0.9025005561678753,0.9125127771654581
nonlinear,gaussian,mixture,Estimated-WCP-Primary,0.5,0.8954533333333334,0.01623295357010531,0.013159999999999944,0.008853333333333303,5.799752489435014,8.431961064332006,0.00014666666666664335,0.8270641621562465,0.45453863961280233,0.007401848416114776,0.5395124533333333,0.006770954186836274,0.25251617823403666,0.18934832341802457,0.622445243779422,3.041088655909736,0.0029637182817602325,0.8893918488525469,0.90151481781412
nonlinear,gaussian,mixture,Estimated-WCP-Primary,1.0,0.88568,0.0212280621039617,0.02098666666666664,0.017653333333333316,6.081261725926483,9.12088419621795,0.0035333333333332864,0.6327974434374473,0.7911539335791663,0.01437498058039713,0.5888720666666667,0.01806549972821111,0.27879284635185814,0.21452494101443667,0.7602044650157669,3.624012291472821,0.0038756961554867997,0.8777533113388987,0.8936066886611014
nonlinear,gaussian,mixture,Estimated-WCP-Primary,1.5,0.8832,0.030013330371686527,0.028559999999999978,0.02267999999999999,6.361511917079559,9.586241248909914,0.012999999999999956,0.4464804111092939,1.2639537787083943,0.026530805851333772,0.6354661333333333,0.03154793039335059,0.3040865546929855,0.23577031613657937,0.819180999268209,3.3468832990362523,0.005479659356809208,0.871992838254664,0.894407161745336
nonlinear,gaussian,mixture,Estimated-WCP-Primary,2.0,0.89052,0.03546034599282747,0.03155999999999995,0.02051999999999998,6.85485263182223,9.761901578742032,0.032359999999999944,0.3187427700408566,2.0621323235958187,0.047427744441042176,0.6781089466666667,0.05149854090627693,0.3077164622546198,0.23358434662230274,0.8569906888853107,2.379579300194533,0.006474143799069843,0.8772788891947128,0.9037611108052872
nonlinear,gaussian,mixture,Estimated-WCP-Sensitivity,0.0,0.90672,0.01260559262856142,0.01106666666666661,0.0021733333333333266,5.495495171001532,7.334383669947423,0.0,0.9695615580427337,0.17279738705284206,0.0023232324745568367,0.49771188,0.004185435629133746,0.16440463045674408,0.11985551071276276,,0.9695615580427337,0.002301455811127977,0.9020129943550225,0.9114270056449775
nonlinear,gaussian,mixture,Estimated-WCP-Sensitivity,0.5,0.8916000000000001,0.014296177449065625,0.012773333333333298,0.010586666666666661,5.7085985373488155,8.448470952947469,3.999999999999e-05,0.8811816428827174,0.36309479134481415,0.005652114671813396,0.5399732,0.006770954186836274,0.21665573095135537,0.1601717336344705,0.6441580247154991,3.329580141608661,0.002610112958316635,0.8862617196083362,0.8969382803916639
nonlinear,gaussian,mixture,Estimated-WCP-Sensitivity,1.0,0.8784,0.018849384879746807,0.02410666666666664,0.022853333333333316,5.935163638349797,9.273246530980396,0.0014533333333332967,0.7339439494886785,0.6086503026921474,0.010410577067125223,0.5894989066666666,0.01806549972821111,0.24471195712946744,0.18662403213895787,0.7806550152891336,4.971092479607578,0.003441411097911376,0.8713615240117871,0.8854384759882128
nonlinear,gaussian,mixture,Estimated-WCP-Sensitivity,1.5,0.8704133333333334,0.026233010703590864,0.03382666666666664,0.03170666666666665,6.133455352003574,9.88379405333912,0.007039999999999963,0.5800160921371396,0.9046630060831978,0.017507774637545877,0.6361466,0.03154793039335059,0.27462351581909916,0.21275952505253332,0.8393150859791874,5.231307262275937,0.004789470571210395,0.8606177661509716,0.8802089005156951
nonlinear,gaussian,mixture,Estimated-WCP-Sensitivity,2.0,0.8698666666666667,0.033310134455916914,0.03869333333333331,0.03441333333333331,6.552527679429136,10.21868708413985,0.01851999999999994,0.45956040914056623,1.3440576352275408,0.028310015455860055,0.6789203866666667,0.05149854090627693,0.302795859321203,0.2394199188381862,0.8774728512039643,4.078256229415795,0.0060815706783452555,0.8574284580445899,0.8823048752887435
nonlinear,gaussian,mixture,Oracle-WCP-Ridge,0.0,0.9016,0.011852891397577168,0.009439999999999957,0.003919999999999996,5.398518794699807,7.326699970327782,0.0,1.0,0.0,0.001,,0.004185435629133746,0.0,0.0,1.0,1.0,0.002164031996703983,0.8971740576138173,0.9060259423861826
nonlinear,gaussian,mixture,Oracle-WCP-Ridge,0.5,0.9031199999999999,0.02525399797642156,0.016799999999999947,0.006839999999999997,6.046231213991411,8.25883517530168,0.006079999999999953,0.6644215772690188,1.040205776635392,0.02677218984005204,,0.006770954186836274,0.0,0.0,1.0,1.0,0.0046107281196253016,0.8936900021779275,0.9125499978220724
nonlinear,gaussian,mixture,Oracle-WCP-Ridge,1.0,0.9032533333333334,0.030553466232991877,0.022053333333333303,0.009399999999999993,6.3663731818081315,8.658545852681549,0.019719999999999946,0.41228900106403094,1.918107311400376,0.04825213968417722,,0.01806549972821111,0.0,0.0,1.0,1.0,0.005578274221927348,0.8918444815427028,0.9146621851239639
nonlinear,gaussian,mixture,Oracle-WCP-Ridge,1.5,0.9083466666666666,0.03646409413271557,0.027866666666666633,0.009759999999999993,6.77369027606214,9.040772600998995,0.039453333333333306,0.259763321719369,2.7119085582045934,0.06742364229109497,,0.03154793039335059,0.0,0.0,1.0,1.0,0.006657402298493364,0.8947307501461856,0.9219625831871476
nonlinear,gaussian,mixture,Oracle-WCP-Ridge,2.0,0.91344,0.04087047328092614,0.03343999999999995,0.00999999999999998,7.256890892167021,9.38362957718356,0.06310666666666662,0.17016285240316184,3.457628305867357,0.08521843678880334,,0.05149854090627693,0.0,0.0,1.0,1.0,0.007461893383958474,0.8981787144646942,0.9287012855353058
nonlinear,gaussian,mixture,SCP-Ridge,0.0,0.9016,0.011852891397577168,0.009439999999999957,0.003919999999999996,5.398518794699807,7.326699970327782,0.0,1.0,0.0,0.001,,0.004185435629133746,,,,,0.002164031996703983,0.8971740576138173,0.9060259423861826
nonlinear,gaussian,mixture,SCP-Ridge,0.5,0.8765333333333333,0.012634417507235,0.02346666666666664,0.02346666666666664,5.398518794699807,8.519960873995622,0.0,1.0,0.0,0.001,,0.006770954186836274,,,,,0.0023067184898836,0.8718155643017678,0.8812511023648988
nonlinear,gaussian,mixture,SCP-Ridge,1.0,0.8506266666666666,0.013140590794815185,0.049373333333333304,0.049373333333333304,5.398518794699807,9.677576383724531,0.0,1.0,0.0,0.001,,0.01806549972821111,,,,,0.0023991326657550054,0.8457198894232556,0.8555334439100777
nonlinear,gaussian,mixture,SCP-Ridge,1.5,0.827,0.01548828255655622,0.07299999999999998,0.07299999999999998,5.398518794699807,10.893454323126367,0.0,1.0,0.0,0.001,,0.03154793039335059,,,,,0.002827760577746542,0.8212165802455385,0.8327834197544615
nonlinear,gaussian,mixture,SCP-Ridge,2.0,0.8028666666666666,0.016395149268616915,0.09713333333333331,0.09713333333333331,5.398518794699807,11.952204806872007,0.0,1.0,0.0,0.001,,0.05149854090627693,,,,,0.0029933310293619366,0.7967446173167,0.8089887160166332
nonlinear,gaussian,nonlinear,CQR-GBR,0.0,0.9021733333333334,0.009707833073786651,0.008199999999999947,0.00301333333333332,5.040311963037455,6.450279091989876,0.0,1.0,0.0,0.001,,0.004185435629133746,,,,,0.001772399719669221,0.8985483688889582,0.9057982977777086
nonlinear,gaussian,nonlinear,CQR-GBR,0.5,0.8972533333333333,0.01298603316918851,0.00981333333333328,0.00627999999999998,5.045371492157316,6.5330181445181825,0.0,1.0,0.0,0.001,,0.00423825290333536,,,,,0.002370914433091616,0.8924042688558141,0.9021023978108526
nonlinear,gaussian,nonlinear,CQR-GBR,1.0,0.8957866666666666,0.012822279460950478,0.010719999999999947,0.007466666666666653,5.054513464535225,6.566244186772741,0.0,1.0,0.0,0.001,,0.004396787275852154,,,,,0.002341017233132586,0.8909987488287203,0.9005745845046129
nonlinear,gaussian,nonlinear,CQR-GBR,1.5,0.89624,0.012116947379315601,0.009199999999999948,0.006479999999999981,5.067405536174702,6.568837110270207,0.0,1.0,0.0,0.001,,0.0043687882291174405,,,,,0.0022122418025847536,0.8917154574897886,0.9007645425102114
nonlinear,gaussian,nonlinear,CQR-GBR,2.0,0.8985466666666666,0.011042480147869484,0.008999999999999952,0.0052266666666666494,5.086205195663957,6.540638820810335,0.0,1.0,0.0,0.001,,0.005746545712535026,,,,,0.002016071822597033,0.8944233368144227,0.9026699965189106
nonlinear,gaussian,nonlinear,Estimated-WCP-Primary,0.0,0.9075066666666667,0.01340661013837198,0.0117466666666666,0.002119999999999987,5.517605924207155,7.3394363680189745,0.0,0.9554627569365264,0.21000371540612575,0.002756838635599327,0.4977024666666666,0.004185435629133746,0.19597403720398948,0.14299587449990947,,0.9554627569365265,0.002447700930821263,0.9025005561678753,0.9125127771654581
nonlinear,gaussian,nonlinear,Estimated-WCP-Primary,0.5,0.9078933333333333,0.014111646775364086,0.01287999999999994,0.002493333333333317,5.529863423385492,7.310581414100197,0.0,0.9549804389167647,0.21133781883951946,0.0028188459677701335,0.49868994666666666,0.00423825290333536,,,,,0.0025764224208039825,0.9026239578276497,0.913162708839017
nonlinear,gaussian,nonlinear,Estimated-WCP-Primary,1.0,0.9081866666666667,0.015392155040201794,0.014106666666666623,0.0029599999999999865,5.530644931245783,7.254030495414359,0.0,0.939566626712608,0.24840938575386545,0.00347188652712524,0.5057810266666667,0.004396787275852154,,,,,0.0028102101747117868,0.9024391415167232,0.9139341918166102
nonlinear,gaussian,nonlinear,Estimated-WCP-Primary,1.5,0.91264,0.013923772774498366,0.015999999999999945,0.00167999999999999,5.631595772749036,7.207657317979236,3.999999999999666e-05,0.9144224879242769,0.2996522491226379,0.0045742278516547165,0.51781216,0.0043687882291174405,,,,,0.002542121478056349,0.907440777799177,0.917839222200823
nonlinear,gaussian,nonlinear,Estimated-WCP-Primary,2.0,0.9179066666666666,0.016247290136561517,0.02150666666666661,0.0018,5.751353050983315,7.295178293126962,0.00051999999999995,0.8213559094864319,0.4603748849864976,0.00813895287520426,0.5361369066666666,0.005746545712535026,,,,,0.0029663357687086445,0.9118398288239852,0.9239735045093481
nonlinear,gaussian,nonlinear,Estimated-WCP-Sensitivity,0.0,0.90672,0.01260559262856142,0.01106666666666661,0.0021733333333333266,5.495495171001532,7.334383669947423,0.0,0.9695615580427337,0.17279738705284206,0.0023232324745568367,0.49771188,0.004185435629133746,0.16440463045674408,0.11985551071276276,,0.9695615580427337,0.002301455811127977,0.9020129943550225,0.9114270056449775
nonlinear,gaussian,nonlinear,Estimated-WCP-Sensitivity,0.5,0.9066266666666667,0.013251803607455688,0.011826666666666614,0.0025999999999999864,5.505397254795275,7.305462507560604,0.0,0.9693808500747944,0.17335446300089477,0.002367863851710723,0.49871138666666665,0.00423825290333536,,,,,0.0024194372544772717,0.9016783618765296,0.9115749714568038
nonlinear,gaussian,nonlinear,Estimated-WCP-Sensitivity,1.0,0.9072666666666667,0.015089282182450191,0.013453333333333284,0.0030933333333333234,5.506543413118141,7.249836044083869,0.0,0.9600944354896491,0.20012349971758603,0.0027941191865089466,0.5057323333333333,0.004396787275852154,,,,,0.002754913409296251,0.9016322361004651,0.9129010972328683
nonlinear,gaussian,nonlinear,Estimated-WCP-Sensitivity,1.5,0.90964,0.013557072209608952,0.01395999999999994,0.0021599999999999935,5.570499221361077,7.200979715785299,2.666666666666e-05,0.9478244197141621,0.229856501106967,0.00343076712929673,0.51737984,0.0043687882291174405,,,,,0.0024751714209764095,0.9045777060404593,0.9147022939595407
nonlinear,gaussian,nonlinear,Estimated-WCP-Sensitivity,2.0,0.9123333333333333,0.013972222031793904,0.016146666666666597,0.00190666666666666,5.625943231318348,7.2774368364914706,0.00025333333333329,0.9084939469067136,0.3112391648264628,0.005006204966029997,0.53485016,0.005746545712535026,,,,,0.002550967061761395,0.9071160198825148,0.9175506467841519
nonlinear,gaussian,nonlinear,Oracle-WCP-Ridge,0.0,0.9016,0.011852891397577168,0.009439999999999957,0.003919999999999996,5.398518794699807,7.326699970327782,0.0,1.0,0.0,0.001,,0.004185435629133746,0.0,0.0,1.0,1.0,0.002164031996703983,0.8971740576138173,0.9060259423861826
nonlinear,gaussian,nonlinear,SCP-Ridge,0.0,0.9016,0.011852891397577168,0.009439999999999957,0.003919999999999996,5.398518794699807,7.326699970327782,0.0,1.0,0.0,0.001,,0.004185435629133746,,,,,0.002164031996703983,0.8971740576138173,0.9060259423861826
nonlinear,gaussian,nonlinear,SCP-Ridge,0.5,0.9012666666666667,0.011870140263916723,0.009399999999999934,0.004066666666666646,5.398518794699807,7.296955953713472,0.0,1.0,0.0,0.001,,0.00423825290333536,,,,,0.002167181194432505,0.8968342834479407,0.9056990498853926
nonlinear,gaussian,nonlinear,SCP-Ridge,1.0,0.9019866666666666,0.014100519269805671,0.010893333333333286,0.004453333333333323,5.398518794699807,7.240991154260091,0.0,1.0,0.0,0.001,,0.004396787275852154,,,,,0.0025743908255362797,0.8967214462398453,0.9072518870934879
nonlinear,gaussian,nonlinear,SCP-Ridge,1.5,0.9010666666666667,0.013247910266784787,0.01106666666666661,0.00499999999999998,5.398518794699807,7.190046210956799,0.0,1.0,0.0,0.001,,0.0043687882291174405,,,,,0.0024187264309741036,0.8961198156738286,0.9060135176595048
nonlinear,gaussian,nonlinear,SCP-Ridge,2.0,0.9009866666666666,0.012337208462357993,0.010133333333333288,0.004573333333333327,5.398518794699807,7.265234751191789,0.0,1.0,0.0,0.001,,0.005746545712535026,,,,,0.002252455790492366,0.8963798773163582,0.905593456016975
nonlinear,gaussian,tail_mixture,CQR-GBR,0.0,0.9021733333333334,0.009707833073786651,0.008199999999999947,0.00301333333333332,5.040311963037455,6.450279091989876,0.0,1.0,0.0,0.001,,0.004185435629133746,,,,,0.001772399719669221,0.8985483688889582,0.9057982977777086
nonlinear,gaussian,tail_mixture,CQR-GBR,0.5,0.86716,0.012174070806431193,0.03283999999999998,0.03283999999999998,5.192086338624906,10.706170294177817,0.0,1.0,0.0,0.001,,0.00542465396918063,,,,,0.002222671065782491,0.862614127251551,0.8717058727484491
nonlinear,gaussian,tail_mixture,CQR-GBR,1.0,0.83648,0.011724374845476475,0.06351999999999997,0.06351999999999997,5.336618564053217,14.617056654218585,0.0,1.0,0.0,0.001,,0.010508956182551614,,,,,0.0021405681918378705,0.8321020464830468,0.8408579535169532
nonlinear,gaussian,tail_mixture,CQR-GBR,1.5,0.8054533333333332,0.012981677627448205,0.09454666666666664,0.09454666666666664,5.490578559217295,18.842811605418767,0.0,1.0,0.0,0.001,,0.018201950958875945,,,,,0.0023701192236045094,0.8006058952418288,0.8103007714248377
nonlinear,gaussian,tail_mixture,CQR-GBR,2.0,0.7714533333333333,0.01220536155034798,0.12854666666666661,0.12854666666666661,5.641903655368368,23.000120551950392,0.0,1.0,0.0,0.001,,0.026867849462879245,,,,,0.0022283839478772715,0.766895776429082,0.7760108902375846
nonlinear,gaussian,tail_mixture,Estimated-WCP-Primary,0.0,0.9075066666666667,0.01340661013837198,0.0117466666666666,0.002119999999999987,5.517605924207155,7.3394363680189745,0.0,0.9554627569365264,0.21000371540612575,0.002756838635599327,0.4977024666666666,0.004185435629133746,0.19597403720398948,0.14299587449990947,,0.9554627569365265,0.002447700930821263,0.9025005561678753,0.9125127771654581
nonlinear,gaussian,tail_mixture,Estimated-WCP-Primary,0.5,0.8864933333333334,0.010148515547413419,0.0140933333333333,0.013799999999999974,5.974581016148265,12.503172526050262,0.002573333333333287,0.908437655163489,0.3138339590867273,0.00448630444822577,0.53021308,0.00542465396918063,0.22462905316927062,0.17207624129615395,0.4470232844338437,2.281196751043399,0.0018528569635034061,0.8827038153489442,0.8902828513177226
nonlinear,gaussian,tail_mixture,Estimated-WCP-Primary,1.0,0.86224,0.01434418300939082,0.037759999999999974,0.037759999999999974,6.240448616977269,15.803370308103371,0.011759999999999942,0.8475101987508226,0.4207291846804368,0.006317105416144187,0.5640632133333334,0.010508956182551614,0.25262409713791684,0.19643059438263183,0.5732173860046963,4.7496145977685025,0.0026188775344085633,0.8568837940375122,0.8675962059624878
nonlinear,gaussian,tail_mixture,Estimated-WCP-Primary,1.5,0.8422133333333334,0.02035376324321674,0.057786666666666646,0.057786666666666646,6.4793184030468,18.310143371223077,0.0282133333333333,0.811590568829735,0.4807261218845464,0.006894099982910203,0.6014238933333333,0.018201950958875945,0.2765764135659841,0.2181404485253476,0.6391710237786664,8.112763225238082,0.003716071752809772,0.8346131132321948,0.849813553434472
nonlinear,gaussian,tail_mixture,Estimated-WCP-Primary,2.0,0.8280799999999999,0.017080547516056862,0.07191999999999998,0.07191999999999998,6.764693331143246,19.885935222280008,0.04949333333333329,0.7602675206917175,0.5612037090775427,0.008107179589081963,0.6374744533333333,0.026867849462879245,0.2988479412370699,0.2377702580493187,0.6887577887217002,11.338464886842353,0.003118467056361059,0.8217020187383159,0.8344579812616839
nonlinear,gaussian,tail_mixture,Estimated-WCP-Sensitivity,0.0,0.90672,0.01260559262856142,0.01106666666666661,0.0021733333333333266,5.495495171001532,7.334383669947423,0.0,0.9695615580427337,0.17279738705284206,0.0023232324745568367,0.49771188,0.004185435629133746,0.16440463045674408,0.11985551071276276,,0.9695615580427337,0.002301455811127977,0.9020129943550225,0.9114270056449775
nonlinear,gaussian,tail_mixture,Estimated-WCP-Sensitivity,0.5,0.87928,0.009465960796089513,0.020719999999999968,0.020719999999999968,5.824351468997738,12.903977321733045,0.00105333333333329,0.9513204708802563,0.22419627938785106,0.00308434833037228,0.5307150933333333,0.00542465396918063,0.17814403755145733,0.13231233631481779,0.453632386598638,2.4005615559723767,0.0017282400854925955,0.8757453521484285,0.8828146478515714
nonlinear,gaussian,tail_mixture,Estimated-WCP-Sensitivity,1.0,0.8455066666666667,0.012396521573668834,0.05449333333333331,0.05449333333333331,5.963182459909249,17.526849128912016,0.0034666666666666236,0.9354242041073423,0.26094973531570204,0.0034249479098903096,0.5646206133333334,0.010508956182551614,0.19310308897476197,0.14276593294391215,0.5834141467053016,5.568834334416419,0.0022632848334992865,0.8408777294366047,0.8501356038967288
nonlinear,gaussian,tail_mixture,Estimated-WCP-Sensitivity,1.5,0.8108666666666667,0.016106570373465662,0.0891333333333333,0.0891333333333333,6.068615182483485,21.889156363670473,0.00853333333333329,0.9254191974424439,0.2826439678767971,0.0035452872253769335,0.6017077466666667,0.018201950958875945,0.2143955832658051,0.15952465847902647,0.6493230545887276,9.808335830416857,0.002940643972530517,0.8048523744470885,0.816880958886245
nonlinear,gaussian,tail_mixture,Estimated-WCP-Sensitivity,2.0,0.77692,0.01409490981732842,0.12307999999999998,0.12307999999999998,6.156821114040847,25.84598999404033,0.015239999999999946,0.9156630014540634,0.30298256457493367,0.0038144895224929633,0.6380207866666667,0.026867849462879245,0.24097962379213322,0.18273203647762043,0.6970814106095259,14.842838171199977,0.0025733666843172653,0.7716568741771577,0.7821831258228424
nonlinear,gaussian,tail_mixture,Oracle-WCP-Ridge,0.0,0.9016,0.011852891397577168,0.009439999999999957,0.003919999999999996,5.398518794699807,7.326699970327782,0.0,1.0,0.0,0.001,,0.004185435629133746,0.0,0.0,1.0,1.0,0.002164031996703983,0.8971740576138173,0.9060259423861826
nonlinear,gaussian,tail_mixture,Oracle-WCP-Ridge,0.5,0.9059466666666667,0.01935076819883533,0.013973333333333284,0.004013333333333326,5.8071070555828745,8.316775355136333,0.03695999999999995,0.8028698407274361,0.6315942335370474,0.019302019780287047,,0.00542465396918063,0.0,0.0,1.0,1.0,0.0035329507491852416,0.8987209710702381,0.9131723622630953
nonlinear,gaussian,tail_mixture,Oracle-WCP-Ridge,1.0,0.9084666666666668,0.02195470781865016,0.016733333333333274,0.00413333333333332,6.186823110448787,9.06859142164386,0.07659999999999997,0.6469060434667988,1.2265212984029645,0.03633697281118616,,0.010508956182551614,0.0,0.0,1.0,1.0,0.004008362905236577,0.9002686440364518,0.9166646892968817
nonlinear,gaussian,tail_mixture,Oracle-WCP-Ridge,1.5,0.9131066666666666,0.025681697942219518,0.021799999999999944,0.00434666666666666,6.621480364511703,9.75843645440097,0.12159999999999996,0.5184487302275538,1.8034925450938344,0.05267755651058143,,0.018201950958875945,0.0,0.0,1.0,1.0,0.004688815092662545,0.903516963052674,0.9226963702806592
nonlinear,gaussian,tail_mixture,Oracle-WCP-Ridge,2.0,0.9204533333333333,0.02773644102835728,0.02642666666666661,0.0029866666666666665,7.178379729143407,10.121618687815403,0.16774666666666663,0.41034867532153924,2.375394238529816,0.06870857270607529,,0.026867849462879245,0.0,0.0,1.0,1.0,0.005063958138714356,0.9100963760415156,0.9308102906251511
nonlinear,gaussian,tail_mixture,SCP-Ridge,0.0,0.9016,0.011852891397577168,0.009439999999999957,0.003919999999999996,5.398518794699807,7.326699970327782,0.0,1.0,0.0,0.001,,0.004185435629133746,,,,,0.002164031996703983,0.8971740576138173,0.9060259423861826
nonlinear,gaussian,tail_mixture,SCP-Ridge,0.5,0.85816,0.011496374241022927,0.041839999999999974,0.041839999999999974,5.398518794699807,13.406577000525528,0.0,1.0,0.0,0.001,,0.00542465396918063,,,,,0.0020989411671098637,0.8538671833079343,0.8624528166920657
nonlinear,gaussian,tail_mixture,SCP-Ridge,1.0,0.8166666666666667,0.013613921204954619,0.0833333333333333,0.0833333333333333,5.398518794699807,19.064028848312407,0.0,1.0,0.0,0.001,,0.010508956182551614,,,,,0.0024855505800171853,0.8115831449433953,0.821750188389938
nonlinear,gaussian,tail_mixture,SCP-Ridge,1.5,0.7737333333333333,0.015946577480241128,0.12626666666666667,0.12626666666666667,5.398518794699807,25.274020407064892,0.0,1.0,0.0,0.001,,0.018201950958875945,,,,,0.002911433400310653,0.7677787834419227,0.7796878832247438
nonlinear,gaussian,tail_mixture,SCP-Ridge,2.0,0.732,0.01382371774935356,0.16799999999999998,0.16799999999999998,5.398518794699807,31.02904997373306,0.0,1.0,0.0,0.001,,0.026867849462879245,,,,,0.00252385401330183,0.7268381389595795,0.7371618610404205
nonlinear,gaussian,variance,CQR-GBR,0.0,0.9021733333333334,0.009707833073786651,0.008199999999999947,0.00301333333333332,5.040311963037455,6.450279091989876,0.0,1.0,0.0,0.001,,0.004185435629133746,,,,,0.001772399719669221,0.8985483688889582,0.9057982977777086
nonlinear,gaussian,variance,CQR-GBR,0.5,0.87156,0.013198265298763775,0.02843999999999997,0.02843999999999997,5.219549894554182,7.551626026473948,0.0,1.0,0.0,0.001,,0.0069044283117146435,,,,,0.00240966254135686,0.8666316867428802,0.8764883132571198
nonlinear,gaussian,variance,CQR-GBR,1.0,0.8309200000000001,0.013314715737574485,0.06907999999999997,0.06907999999999997,5.428237039476778,9.387487055835228,0.0,1.0,0.0,0.001,,0.01481617398725035,,,,,0.0024309233854128602,0.8259482034344001,0.8358917965656001
nonlinear,gaussian,variance,CQR-GBR,1.5,0.7812,0.01383409082540367,0.11879999999999998,0.11879999999999998,5.6896930613864765,12.508346293692643,0.0,1.0,0.0,0.001,,0.029011711057559245,,,,,0.002525747869216284,0.7760342655893253,0.7863657344106747
nonlinear,gaussian,variance,CQR-GBR,2.0,0.7170666666666666,0.020532049519501588,0.18293333333333328,0.18293333333333328,5.985055955683265,17.5351365291528,0.0,1.0,0.0,0.001,,0.048112593944871156,,,,,0.003748622224548042,0.7093998733758635,0.7247334599574697
nonlinear,gaussian,variance,Estimated-WCP-Primary,0.0,0.9075066666666667,0.01340661013837198,0.0117466666666666,0.002119999999999987,5.517605924207155,7.3394363680189745,0.0,0.9554627569365264,0.21000371540612575,0.002756838635599327,0.4977024666666666,0.004185435629133746,0.19597403720398948,0.14299587449990947,,0.9554627569365265,0.002447700930821263,0.9025005561678753,0.9125127771654581
nonlinear,gaussian,variance,Estimated-WCP-Primary,0.5,0.9103733333333334,0.019971547577583418,0.018239999999999958,0.003933333333333333,6.703925349357188,9.014084149326894,2.666666666666e-05,0.699871937934958,0.678932452231683,0.01116581896593698,0.5920779333333334,0.0069044283117146435,0.18541386283872635,0.1384574403586766,0.895459326626462,0.8615938299979153,0.0036462890388433648,0.9029158349073073,0.9178308317593594
nonlinear,gaussian,variance,Estimated-WCP-Primary,1.0,0.90748,0.03199157647752362,0.023746666666666607,0.00813333333333332,8.296974189166995,11.069901940479626,0.002759999999999953,0.3421706396622969,1.5273412876998926,0.028506440204387896,0.6928898666666666,0.01481617398725035,0.19789205740279395,0.15146805533646138,0.9584170617678659,0.9307315601805619,0.005840836028963783,0.8955341490187265,0.9194258509812734
nonlinear,gaussian,variance,Estimated-WCP-Primary,1.5,0.9124533333333333,0.043957312626380286,0.03714666666666661,0.01234666666666666,9.974764296863832,12.676880948295832,0.034719999999999966,0.15930849895551916,2.9005529912449792,0.06719638580539343,0.7809087600000001,0.029011711057559245,0.19465449612211264,0.15136617402040092,0.977798892501757,1.0883901494685781,0.00802547056425838,0.8960394030432486,0.9288672636234181
nonlinear,gaussian,variance,Estimated-WCP-Primary,2.0,0.9173466666666666,0.041124937759796365,0.03502666666666662,0.008839999999999994,10.883569935393263,13.56560082458565,0.1220933333333333,0.08605332924242147,4.271193057110287,0.1041042645168642,0.8477737333333334,0.048112593944871156,0.21738869900406807,0.17766907422434264,0.9843141168333963,1.2494540710850193,0.007508352029012147,0.9019903625333637,0.9327029707999696
nonlinear,gaussian,variance,Estimated-WCP-Sensitivity,0.0,0.90672,0.01260559262856142,0.01106666666666661,0.0021733333333333266,5.495495171001532,7.334383669947423,0.0,0.9695615580427337,0.17279738705284206,0.0023232324745568367,0.49771188,0.004185435629133746,0.16440463045674408,0.11985551071276276,,0.9695615580427337,0.002301455811127977,0.9020129943550225,0.9114270056449775
nonlinear,gaussian,variance,Estimated-WCP-Sensitivity,0.5,0.8978,0.016906313858315244,0.01294666666666663,0.007573333333333326,6.344519565293348,8.985540554836629,0.0,0.8123810530408424,0.4794611486193162,0.0070474566090728994,0.5922893333333333,0.0069044283117146435,0.15638013497247708,0.11684127502680079,0.8983720458865785,1.0010803883925827,0.0030866564881538196,0.8914870786553466,0.9041129213446535
nonlinear,gaussian,variance,Estimated-WCP-Sensitivity,1.0,0.8784666666666666,0.027750232472879395,0.027826666666666642,0.02467999999999998,7.314837034973712,11.175421081512024,0.0005999999999999533,0.5709313313146798,0.8850698068704405,0.014111768495840298,0.69340988,0.01481617398725035,0.22907402958031897,0.192191680715188,0.9619944619295715,1.6319362894086138,0.005066476100469471,0.8681045595648296,0.8888287737685037
nonlinear,gaussian,variance,Estimated-WCP-Sensitivity,1.5,0.8451733333333333,0.03454770747754506,0.055946666666666624,0.05538666666666663,8.02994116068741,13.862532691577787,0.009799999999999956,0.4360003792368097,1.2035389223298496,0.02193368505764425,0.7815204266666667,0.029011711057559245,0.43103484021776695,0.38356647780548114,0.9812412515150694,3.6761409950959494,0.006307519565180444,0.8322730073502943,0.8580736593163724
nonlinear,gaussian,variance,Estimated-WCP-Sensitivity,2.0,0.7958133333333334,0.041602484452778525,0.10418666666666665,0.10418666666666665,8.300665963332582,17.24899467018502,0.03839999999999996,0.4122731658241164,1.2583827823248863,0.022947750818080797,0.8483882133333334,0.048112593944871156,0.7631811383423224,0.6934955722179335,0.9875405525769495,8.964916523143588,0.007595539727681588,0.7802787103342824,0.8113479563323843
nonlinear,gaussian,variance,Oracle-WCP-Ridge,0.0,0.9016,0.011852891397577168,0.009439999999999957,0.003919999999999996,5.398518794699807,7.326699970327782,0.0,1.0,0.0,0.001,,0.004185435629133746,0.0,0.0,1.0,1.0,0.002164031996703983,0.8971740576138173,0.9060259423861826
nonlinear,gaussian,variance,Oracle-WCP-Ridge,0.5,0.9051600000000001,0.014515380665420711,0.012039999999999952,0.0034399999999999934,6.528485178999336,8.975757102125838,0.0,0.8118128402351251,0.48096355665140583,0.006366391206666936,,0.0069044283117146435,0.0,0.0,1.0,1.0,0.0026501338070750906,0.8997398677821521,0.9105801322178481
nonlinear,gaussian,variance,Oracle-WCP-Ridge,1.0,0.9076666666666667,0.025349220668607286,0.02075999999999995,0.006546666666666656,8.1957881087232,10.954948346724466,0.002626666666666633,0.38425090978760423,1.3452913835815437,0.025075137861921924,,0.01481617398725035,0.0,0.0,1.0,1.0,0.004628113325124133,0.8982011121069735,0.91713222122636
nonlinear,gaussian,variance,Oracle-WCP-Ridge,1.5,0.9152266666666667,0.03282201672062818,0.029573333333333267,0.007173333333333329,9.780670214569533,12.217280995924417,0.0381066666666666,0.15701605209005226,2.8346031493265893,0.06437892530001942,,0.029011711057559245,0.0,0.0,1.0,1.0,0.005992452980233263,0.9029707242024072,0.9274826091309263
nonlinear,gaussian,variance,Oracle-WCP-Ridge,2.0,0.9350266666666667,0.034065524420196266,0.0403066666666666,0.0026399999999999935,11.13225689488508,13.02743535557961,0.13871999999999993,0.0765066403371022,4.6902213498386995,0.1165464892967743,,0.048112593944871156,0.0,0.0,1.0,1.0,0.00621948538606153,0.9223063907962825,0.9477469425370508
nonlinear,gaussian,variance,SCP-Ridge,0.0,0.9016,0.011852891397577168,0.009439999999999957,0.003919999999999996,5.398518794699807,7.326699970327782,0.0,1.0,0.0,0.001,,0.004185435629133746,,,,,0.002164031996703983,0.8971740576138173,0.9060259423861826
nonlinear,gaussian,variance,SCP-Ridge,0.5,0.8509466666666667,0.014435008530110665,0.0490533333333333,0.0490533333333333,5.398518794699807,9.20763478809466,0.0,1.0,0.0,0.001,,0.0069044283117146435,,,,,0.002635459929907034,0.845556545897368,0.8563367874359655
nonlinear,gaussian,variance,SCP-Ridge,1.0,0.7828266666666667,0.016126716606480882,0.11717333333333331,0.11717333333333331,5.398518794699807,12.505738782330816,0.0,1.0,0.0,0.001,,0.01481617398725035,,,,,0.0029443221546209142,0.776804851720048,0.7888484816132854
nonlinear,gaussian,variance,SCP-Ridge,1.5,0.7048,0.017263555393591028,0.19519999999999998,0.19519999999999998,5.398518794699807,18.11975356417741,0.0,1.0,0.0,0.001,,0.029011711057559245,,,,,0.0031518795706032606,0.6983536824737697,0.7112463175262302
nonlinear,gaussian,variance,SCP-Ridge,2.0,0.6121200000000001,0.019781747072525727,0.28788,0.28788,5.398518794699807,26.50580391287591,0.0,1.0,0.0,0.001,,0.048112593944871156,,,,,0.0036116363661613748,0.6047333742473224,0.6195066257526778
nonlinear,heteroscedastic,mean,CQR-GBR,0.0,0.9016,0.009747714144068994,0.007679999999999943,0.0030399999999999963,4.848451170677659,6.282830514462516,0.0,1.0,0.0,0.001,,0.004228453234891363,,,,,0.0017796809736062502,0.8979601437192408,0.9052398562807591
nonlinear,heteroscedastic,mean,CQR-GBR,0.5,0.8906,0.011384078415897812,0.01198666666666664,0.01069333333333332,4.833118194093236,6.56152657726322,0.0,1.0,0.0,0.001,,0.017193137920638504,,,,,0.0020784388482649697,0.8863491152581683,0.8948508847418316
nonlinear,heteroscedastic,mean,CQR-GBR,1.0,0.85884,0.015439617647579498,0.041159999999999974,0.041159999999999974,4.906172965430534,7.535778250538528,0.0,1.0,0.0,0.001,,0.05926872297849864,,,,,0.0028188756216113798,0.8530747520211952,0.8646052479788049
nonlinear,heteroscedastic,mean,CQR-GBR,1.5,0.8021066666666666,0.021185013136866267,0.09789333333333333,0.09789333333333333,5.068658232181511,9.520068002347283,0.0,1.0,0.0,0.001,,0.11877976088042629,,,,,0.0038678365253683113,0.7941960527540598,0.8100172805792735
nonlinear,heteroscedastic,mean,CQR-GBR,2.0,0.7157866666666667,0.030159801212796496,0.18421333333333328,0.18421333333333328,5.294569703692871,13.095765675014494,0.0,1.0,0.0,0.001,,0.19365114480647413,,,,,0.005506401151373436,0.704524811810404,0.7270485215229293
nonlinear,heteroscedastic,mean,Estimated-WCP-Primary,0.0,0.9022533333333332,0.014862861221116236,0.012306666666666624,0.005026666666666657,5.2949573137599035,7.272909768718535,0.0,0.9621220036079542,0.19519916883991953,0.0025256661048746764,0.4989380933333333,0.004228453234891363,0.19076359428715195,0.13637197987372623,,0.9621220036079541,0.0027135747866247136,0.8967034497435844,0.9078032169230821
nonlinear,heteroscedastic,mean,Estimated-WCP-Primary,0.5,0.906,0.018458677054997458,0.015093333333333283,0.004546666666666663,5.584858165877333,7.665725729551601,0.0,0.7397165226001392,0.5945469129427738,0.006943363635125621,0.63205104,0.017193137920638504,0.2042746749646395,0.1468544451836513,0.928090818778933,0.9462509634600619,0.0033700779349083785,0.8991074167112281,0.912892583288772
nonlinear,heteroscedastic,mean,Estimated-WCP-Primary,1.0,0.9117599999999999,0.028921506137152993,0.025493333333333288,0.006866666666666663,6.484300126074371,8.59464781266426,0.0003599999999999634,0.3273994040101295,1.4750006178584087,0.023406165809090777,0.7574108133333334,0.05926872297849864,0.23611871438991855,0.17186064590601954,0.9744637792515284,0.8834192530224146,0.005280320436114265,0.9009605321240999,0.9225594678758999
nonlinear,heteroscedastic,mean,Estimated-WCP-Primary,1.5,0.92816,0.04595561276740398,0.04597333333333327,0.008906666666666653,8.42133579481847,10.223939058956594,0.01605333333333328,0.09943288678249283,3.6303670268073316,0.08340641750602201,0.8549126933333333,0.11877976088042629,0.32300905487754134,0.24242710296871872,0.9827259933731001,0.754881079465929,0.008390308585559857,0.9109998921741724,0.9453201078258275
nonlinear,heteroscedastic,mean,Estimated-WCP-Primary,2.0,0.9473333333333332,0.044903861544517504,0.05853333333333328,0.005599999999999999,9.648120833441444,11.077877577141221,0.11221333333333328,0.03200242047355572,7.663471676400831,0.20464855470486978,0.9209093333333332,0.19365114480647413,0.5551332715790361,0.4112059199096959,0.9781848872884831,0.6193939866514204,0.008198285962340335,0.9305659558684743,0.9641007107981922
nonlinear,heteroscedastic,mean,Estimated-WCP-Sensitivity,0.0,0.9015466666666667,0.014225662419176426,0.011626666666666625,0.00503999999999999,5.279302365316876,7.271379863108459,0.0,0.9736528142691043,0.1619065339263117,0.0021672164521717332,0.49894730666666665,0.004228453234891363,0.1598114422666906,0.11429268571084711,,0.9736528142691043,0.00259723873414548,0.8962347170198972,0.9068586163134362
nonlinear,heteroscedastic,mean,Estimated-WCP-Sensitivity,0.5,0.9030266666666668,0.01625543799372432,0.013106666666666612,0.00503999999999999,5.50251632963483,7.650280821500004,0.0,0.8055989559060088,0.49008947574756206,0.00557196898833398,0.6324981733333334,0.017193137920638504,0.18980552067931805,0.13906230417478316,0.9292420691709071,1.0305703226743992,0.0029678233570964436,0.8969567863641194,0.9090965469692142
nonlinear,heteroscedastic,mean,Estimated-WCP-Sensitivity,1.0,0.9058933333333333,0.024578978028379054,0.020186666666666634,0.007146666666666663,6.297566536425588,8.542999121305593,0.00030666666666662336,0.3946356731911018,1.2660801745000745,0.021322319662416756,0.7579487866666667,0.05926872297849864,0.36952352453015624,0.2603677803578674,0.9660074107905668,1.0565359680996709,0.00448748690218902,0.8967153921022941,0.9150712745643725
nonlinear,heteroscedastic,mean,Estimated-WCP-Sensitivity,1.5,0.9230533333333334,0.04572185573611402,0.042946666666666605,0.009946666666666663,8.209710774412041,10.138123988441928,0.01745333333333327,0.12184245287074792,3.289516179067539,0.07876815633957904,0.8555256933333334,0.11877976088042629,0.7840389813479764,0.5410788207554158,0.9556849996459497,0.8698218513079985,0.008347630585888874,0.9059805118174998,0.940126154849167
nonlinear,heteroscedastic,mean,Estimated-WCP-Sensitivity,2.0,0.9350933333333333,0.05140733164760099,0.05469333333333327,0.009799999999999982,9.320963565671965,11.0700427103307,0.09997333333333329,0.04968837041221252,6.3895330921717095,0.1727657119057285,0.9214716000000001,0.19365114480647413,1.4244980629785695,1.0159686786095294,0.9289147921156208,0.8867716653986907,0.009385651721513425,0.9158975202217603,0.9542891464449064
nonlinear,heteroscedastic,mean,Oracle-WCP-Ridge,0.0,0.89892,0.01054391146422985,0.0082533333333333,0.004666666666666657,5.2173893364902915,7.262595701280891,0.0,1.0,0.0,0.001,,0.004228453234891363,0.0,0.0,1.0,1.0,0.0019250460510986714,0.8949828387538226,0.9028571612461775
nonlinear,heteroscedastic,mean,Oracle-WCP-Ridge,0.5,0.9024666666666668,0.01219432692670662,0.009906666666666617,0.0037199999999999833,5.467489861371574,7.638910822274628,0.0,0.7817028087964246,0.5284265740762429,0.004670445116925616,,0.017193137920638504,0.0,0.0,1.0,1.0,0.002226369310449954,0.8979132301585999,0.9070201031747336
nonlinear,heteroscedastic,mean,Oracle-WCP-Ridge,1.0,0.9025466666666666,0.021096424494135995,0.01662666666666661,0.00703999999999999,6.198267324066353,8.5367926992787,1.333333333333e-05,0.37528564227045985,1.2974470098446902,0.017576622825192807,,0.05926872297849864,0.0,0.0,1.0,1.0,0.003851662526047599,0.8946691322969024,0.9104242010364308
nonlinear,heteroscedastic,mean,Oracle-WCP-Ridge,1.5,0.9190666666666666,0.0403115225534178,0.037866666666666604,0.009399999999999983,7.899550430195202,9.916883741381437,0.008466666666666638,0.13173889973402414,2.7192787202400197,0.052702804582827424,,0.11877976088042629,0.0,0.0,1.0,1.0,0.007359843409961727,0.9040140967631578,0.9341192365701754
nonlinear,heteroscedastic,mean,Oracle-WCP-Ridge,2.0,0.9394399999999999,0.04647848297126687,0.05343999999999995,0.006999999999999997,9.529523430516425,11.142999057419075,0.0895733333333333,0.048155687330138426,5.187009393812979,0.12260609932824924,,0.19365114480647413,0.0,0.0,1.0,1.0,0.008485771187327533,0.922084649231322,0.9567953507686778
nonlinear,heteroscedastic,mean,SCP-Ridge,0.0,0.89892,0.01054391146422985,0.0082533333333333,0.004666666666666657,5.2173893364902915,7.262595701280891,0.0,1.0,0.0,0.001,,0.004228453234891363,,,,,0.0019250460510986714,0.8949828387538226,0.9028571612461775
nonlinear,heteroscedastic,mean,SCP-Ridge,0.5,0.8906666666666666,0.010454147282408966,0.01082666666666664,0.010079999999999983,5.2173893364902915,7.6483349802783245,0.0,1.0,0.0,0.001,,0.017193137920638504,,,,,0.0019086574286855736,0.886763023916842,0.8945703094164912
nonlinear,heteroscedastic,mean,SCP-Ridge,1.0,0.8549066666666667,0.015524284276540764,0.04509333333333331,0.04509333333333331,5.2173893364902915,8.763512741989059,0.0,1.0,0.0,0.001,,0.05926872297849864,,,,,0.0028343335624613814,0.8491098036490291,0.8607035296843043
nonlinear,heteroscedastic,mean,SCP-Ridge,1.5,0.8008533333333333,0.019529848655474746,0.09914666666666666,0.09914666666666666,5.2173893364902915,10.903166475195395,0.0,1.0,0.0,0.001,,0.11877976088042629,,,,,0.0035656462177551525,0.7935607679954221,0.8081458986712445
nonlinear,heteroscedastic,mean,SCP-Ridge,2.0,0.7193466666666667,0.02345460374386254,0.1806533333333333,0.1806533333333333,5.2173893364902915,14.591241981910999,0.0,1.0,0.0,0.001,,0.19365114480647413,,,,,0.004282205182619544,0.7105885736934789,0.7281047596398544
nonlinear,heteroscedastic,mixture,CQR-GBR,0.0,0.9016,0.009747714144068994,0.007679999999999943,0.0030399999999999963,4.848451170677659,6.282830514462516,0.0,1.0,0.0,0.001,,0.004228453234891363,,,,,0.0017796809736062502,0.8979601437192408,0.9052398562807591
nonlinear,heteroscedastic,mixture,CQR-GBR,0.5,0.8704533333333333,0.012721194189587517,0.02954666666666663,0.02954666666666663,4.927355542459681,7.5828971705079775,0.0,1.0,0.0,0.001,,0.00746540693214624,,,,,0.002322561672013578,0.8657031613560499,0.8752035053106167
nonlinear,heteroscedastic,mixture,CQR-GBR,1.0,0.8390533333333334,0.015159104089015538,0.060946666666666656,0.060946666666666656,5.011429206570782,8.870752413781766,0.0,1.0,0.0,0.001,,0.01506259942483305,,,,,0.0027676610870408704,0.8333928308387403,0.8447138358279266
nonlinear,heteroscedastic,mixture,CQR-GBR,1.5,0.8110266666666667,0.018630248546907258,0.08897333333333331,0.08897333333333331,5.0826915116625395,10.19184910169599,0.0,1.0,0.0,0.001,,0.029473318821856834,,,,,0.003401402460356316,0.8040700175299228,0.8179833158034105
nonlinear,heteroscedastic,mixture,CQR-GBR,2.0,0.7863733333333334,0.017994921378052732,0.11362666666666664,0.11362666666666664,5.158366944328831,11.35868856012348,0.0,1.0,0.0,0.001,,0.04793130582605533,,,,,0.00328540811976381,0.7796539192602889,0.7930927474063778
nonlinear,heteroscedastic,mixture,Estimated-WCP-Primary,0.0,0.9022533333333332,0.014862861221116236,0.012306666666666624,0.005026666666666657,5.2949573137599035,7.272909768718535,0.0,0.9621220036079542,0.19519916883991953,0.0025256661048746764,0.4989380933333333,0.004228453234891363,0.19076359428715195,0.13637197987372623,,0.9621220036079541,0.0027135747866247136,0.8967034497435844,0.9078032169230821
nonlinear,heteroscedastic,mixture,Estimated-WCP-Primary,0.5,0.89424,0.014846562356084413,0.011919999999999957,0.00883999999999998,5.70017817430036,8.528918326294104,0.00017333333333331,0.845076116431634,0.4243051489053953,0.0074250001089455,0.5440657066666666,0.00746540693214624,0.23363838894076502,0.16801830861031677,0.6120675078415163,2.0863028202917455,0.002710599034611493,0.8886962025064763,0.8997837974935238
nonlinear,heteroscedastic,mixture,Estimated-WCP-Primary,1.0,0.8814,0.02273535906301321,0.02441333333333329,0.021506666666666636,6.013263844709481,9.346916110965132,0.0028533333333332998,0.6750956572941832,0.7003250477838723,0.013496307810522516,0.59234532,0.01506259942483305,0.2581704720067425,0.18941702070526467,0.743302014041827,4.018876795532647,0.004150889670597284,0.8729104774044719,0.889889522595528
nonlinear,heteroscedastic,mixture,Estimated-WCP-Primary,1.5,0.8837866666666667,0.032856424694086284,0.0326133333333333,0.02441333333333331,6.490328674474814,9.814109381730987,0.013786666666666622,0.47131730728657717,1.2097548632581863,0.02696708053411328,0.6374425066666667,0.029473318821856834,0.27721085248188315,0.20867265972952118,0.8171526995080852,3.8417672477809135,0.005998734987973611,0.8715178760539646,0.8960554572793689
nonlinear,heteroscedastic,mixture,Estimated-WCP-Primary,2.0,0.8960533333333333,0.039357562769135455,0.03255999999999995,0.018253333333333326,7.100492887184766,9.966233640890202,0.03221333333333329,0.3175662297155647,1.6947268925974481,0.03911075320379492,0.6831174133333333,0.04793130582605533,0.29323908664547127,0.22139279937418047,0.8563601197593637,3.7287326864318837,0.007185674979026993,0.881356977867496,0.9107496887991705
nonlinear,heteroscedastic,mixture,Estimated-WCP-Sensitivity,0.0,0.9015466666666667,0.014225662419176426,0.011626666666666625,0.00503999999999999,5.279302365316876,7.271379863108459,0.0,0.9736528142691043,0.1619065339263117,0.0021672164521717332,0.49894730666666665,0.004228453234891363,0.1598114422666906,0.11429268571084711,,0.9736528142691043,0.00259723873414548,0.8962347170198972,0.9068586163134362
nonlinear,heteroscedastic,mixture,Estimated-WCP-Sensitivity,0.5,0.8899333333333334,0.013163830627200002,0.012706666666666628,0.011386666666666644,5.6064918746583166,8.554908874329561,5.3333333333326665e-05,0.8942107098209052,0.34045453829392275,0.00572227926436016,0.5446014666666666,0.00746540693214624,0.20041980984871138,0.14059524852355867,0.6347563157083713,2.209335283233517,0.0024033756592316065,0.8850178781938927,0.894848788472774
nonlinear,heteroscedastic,mixture,Estimated-WCP-Sensitivity,1.0,0.8734,0.018546865150115034,0.027533333333333306,0.027066666666666645,5.831001919861454,9.496245377948414,0.00139999999999996,0.7737120460560027,0.5403474874393364,0.009726724982783118,0.5930347066666666,0.01506259942483305,0.22549938063581723,0.16258240317407333,0.7653965937487227,4.739609867882165,0.0033861788045748144,0.866474486735322,0.8803255132646779
nonlinear,heteroscedastic,mixture,Estimated-WCP-Sensitivity,1.5,0.8659866666666667,0.02711843415952269,0.03846666666666665,0.03623999999999999,6.156380341115388,10.166982303662015,0.007039999999999977,0.6038854890892438,0.8498553999109764,0.017442345873565957,0.63823524,0.029473318821856834,0.24815178554484704,0.1861552711631568,0.8375362737223514,5.612401272983125,0.004951126037796409,0.8558604769322304,0.8761128564011029
nonlinear,heteroscedastic,mixture,Estimated-WCP-Sensitivity,2.0,0.8672133333333334,0.029102337070903865,0.03683999999999996,0.0348133333333333,6.4882093667552825,10.339904069854784,0.018586666666666623,0.4660401104057197,1.1414842630408908,0.024350058346563345,0.6840138666666667,0.04793130582605533,0.2787605092391917,0.21528240203750662,0.8766417518535281,6.3431675533638305,0.0053133354966176235,0.8563463420770552,0.8780803245896116
nonlinear,heteroscedastic,mixture,Oracle-WCP-Ridge,0.0,0.89892,0.01054391146422985,0.0082533333333333,0.004666666666666657,5.2173893364902915,7.262595701280891,0.0,1.0,0.0,0.001,,0.004228453234891363,0.0,0.0,1.0,1.0,0.0019250460510986714,0.8949828387538226,0.9028571612461775
nonlinear,heteroscedastic,mixture,Oracle-WCP-Ridge,0.5,0.9078666666666667,0.023900098590668595,0.015573333333333288,0.0038533333333333267,6.084679549978408,8.316626999703681,0.005906666666666637,0.6420396351413703,0.9257426708979821,0.02609700426824476,,0.00746540693214624,0.0,0.0,1.0,1.0,0.004363541041568873,0.8989422231837875,0.916791110149546
nonlinear,heteroscedastic,mixture,Oracle-WCP-Ridge,1.0,0.9151066666666666,0.034715264786479766,0.02825333333333328,0.00657333333333332,6.920392243713573,8.996733091790016,0.020973333333333274,0.37835128322821165,1.813098377504062,0.04988559791974972,,0.01506259942483305,0.0,0.0,1.0,1.0,0.006338111204439911,0.9021437737562127,0.9280695595771206
nonlinear,heteroscedastic,mixture,Oracle-WCP-Ridge,1.5,0.92372,0.03815267333698415,0.03571999999999996,0.005999999999999996,7.48416928559034,9.441762486367363,0.040466666666666616,0.22992357186574383,2.6719696618833333,0.07266262171557561,,0.029473318821856834,0.0,0.0,1.0,1.0,0.006965693271930706,0.909473557642243,0.937966442357757
nonlinear,heteroscedastic,mixture,Oracle-WCP-Ridge,2.0,0.93176,0.042321280210086853,0.04461333333333328,0.006426666666666656,8.2413089496067,10.012090264168073,0.06450666666666663,0.14715328773515676,3.5104542871173057,0.09466742884382931,,0.04793130582605533,0.0,0.0,1.0,1.0,0.007726773277853849,0.9159569742540945,0.9475630257459056
nonlinear,heteroscedastic,mixture,SCP-Ridge,0.0,0.89892,0.01054391146422985,0.0082533333333333,0.004666666666666657,5.2173893364902915,7.262595701280891,0.0,1.0,0.0,0.001,,0.004228453234891363,,,,,0.0019250460510986714,0.8949828387538226,0.9028571612461775
nonlinear,heteroscedastic,mixture,SCP-Ridge,0.5,0.8712933333333334,0.011782246531682016,0.02870666666666664,0.02870666666666664,5.2173893364902915,8.660093897729544,0.0,1.0,0.0,0.001,,0.00746540693214624,,,,,0.002151134067829749,0.8668937701736065,0.8756928964930603
nonlinear,heteroscedastic,mixture,SCP-Ridge,1.0,0.8412533333333333,0.011966266762440343,0.058746666666666635,0.058746666666666635,5.2173893364902915,9.982766379125831,0.0,1.0,0.0,0.001,,0.01506259942483305,,,,,0.0021847314116376295,0.8367850558901536,0.845721610776513
nonlinear,heteroscedastic,mixture,SCP-Ridge,1.5,0.8138266666666667,0.015847091179474394,0.08617333333333331,0.08617333333333331,5.2173893364902915,11.414415641450084,0.0,1.0,0.0,0.001,,0.029473318821856834,,,,,0.0028932697699464247,0.8079092655704858,0.8197440677628476
nonlinear,heteroscedastic,mixture,SCP-Ridge,2.0,0.7869200000000001,0.015425245764542978,0.11307999999999997,0.11307999999999997,5.2173893364902915,12.663793098866423,0.0,1.0,0.0,0.001,,0.04793130582605533,,,,,0.0028162516867670704,0.7811601185705178,0.7926798814294823
nonlinear,heteroscedastic,nonlinear,CQR-GBR,0.0,0.9016,0.009747714144068994,0.007679999999999943,0.0030399999999999963,4.848451170677659,6.282830514462516,0.0,1.0,0.0,0.001,,0.004228453234891363,,,,,0.0017796809736062502,0.8979601437192408,0.9052398562807591
nonlinear,heteroscedastic,nonlinear,CQR-GBR,0.5,0.8947866666666666,0.011885654445977924,0.010199999999999966,0.007706666666666651,4.863380041272381,6.463650605086831,0.0,1.0,0.0,0.001,,0.00434276445062434,,,,,0.0021700136835912254,0.8903484903571522,0.899224842976181
nonlinear,heteroscedastic,nonlinear,CQR-GBR,1.0,0.8927866666666666,0.01059680281429533,0.00974666666666663,0.00847999999999999,4.889868301257509,6.517041849422588,0.0,1.0,0.0,0.001,,0.0045021404443413736,,,,,0.0019347026462745933,0.8888297554657932,0.89674357786754
nonlinear,heteroscedastic,nonlinear,CQR-GBR,1.5,0.8932133333333333,0.010030289758709746,0.009453333333333301,0.008119999999999983,4.929344112634917,6.585761658531809,0.0,1.0,0.0,0.001,,0.0049278312051263835,,,,,0.0018312719863861258,0.8894679615839691,0.8969587050826975
nonlinear,heteroscedastic,nonlinear,CQR-GBR,2.0,0.8918,0.009846126492004432,0.010466666666666636,0.009333333333333313,4.9838326670308195,6.685093755492462,0.0,1.0,0.0,0.001,,0.004884596941868163,,,,,0.001797648527906679,0.8881233959445891,0.895476604055411
nonlinear,heteroscedastic,nonlinear,Estimated-WCP-Primary,0.0,0.9022533333333332,0.014862861221116236,0.012306666666666624,0.005026666666666657,5.2949573137599035,7.272909768718535,0.0,0.9621220036079542,0.19519916883991953,0.0025256661048746764,0.4989380933333333,0.004228453234891363,0.19076359428715195,0.13637197987372623,,0.9621220036079541,0.0027135747866247136,0.8967034497435844,0.9078032169230821
nonlinear,heteroscedastic,nonlinear,Estimated-WCP-Primary,0.5,0.9007733333333333,0.013961497136727521,0.011493333333333293,0.005359999999999996,5.327665459873391,7.3922523187193585,0.0,0.959632048415047,0.20086889354914378,0.0025730356349935035,0.4990009066666667,0.00434276445062434,,,,,0.002549008972776484,0.8955600246241486,0.905986642042518
nonlinear,heteroscedastic,nonlinear,Estimated-WCP-Primary,1.0,0.9065333333333334,0.015134280187098705,0.012586666666666612,0.0030266666666666567,5.448126327381028,7.31692941678143,0.0,0.9447379218667555,0.23835792246241716,0.00327761369367918,0.50637272,0.0045021404443413736,,,,,0.0027631288833591555,0.9008821002360542,0.9121845664306126
nonlinear,heteroscedastic,nonlinear,Estimated-WCP-Primary,1.5,0.9106533333333334,0.011914862736221036,0.013133333333333271,0.0012400000000000002,5.568263957662646,7.424983026036823,2.666666666666e-05,0.926435016392249,0.2758475326063063,0.004046110656603341,0.5201022666666667,0.0049278312051263835,,,,,0.0021753463634019954,0.9062042504689981,0.9151024161976687
nonlinear,heteroscedastic,nonlinear,Estimated-WCP-Primary,2.0,0.9092933333333334,0.01424811985983515,0.013426666666666599,0.0020666666666666568,5.613766589044763,7.57720586466841,0.00034666666666663333,0.8709959065339371,0.3799806788769097,0.00623535107576794,0.5442902000000001,0.004884596941868163,,,,,0.0026013388830896855,0.903972997940406,0.9146136687262608
nonlinear,heteroscedastic,nonlinear,Estimated-WCP-Sensitivity,0.0,0.9015466666666667,0.014225662419176426,0.011626666666666625,0.00503999999999999,5.279302365316876,7.271379863108459,0.0,0.9736528142691043,0.1619065339263117,0.0021672164521717332,0.49894730666666665,0.004228453234891363,0.1598114422666906,0.11429268571084711,,0.9736528142691043,0.00259723873414548,0.8962347170198972,0.9068586163134362
nonlinear,heteroscedastic,nonlinear,Estimated-WCP-Sensitivity,0.5,0.8994933333333334,0.013774913062704171,0.011333333333333301,0.005919999999999994,5.303034397577599,7.390542865543572,0.0,0.9719953290419638,0.16650887767917458,0.0022119695487381103,0.49905241333333333,0.00434276445062434,,,,,0.002514943537371883,0.8943496962624103,0.9046369704042564
nonlinear,heteroscedastic,nonlinear,Estimated-WCP-Sensitivity,1.0,0.9046000000000001,0.014201602629329497,0.01150666666666661,0.0034533333333333165,5.404825236227321,7.3105788302658485,0.0,0.9626275383504674,0.1944749617846538,0.0027108880935901598,0.5062908,0.0045021404443413736,,,,,0.0025928460376028147,0.8992970344264085,0.9099029655735916
nonlinear,heteroscedastic,nonlinear,Estimated-WCP-Sensitivity,1.5,0.9077999999999999,0.01109743679631816,0.010893333333333265,0.0015466666666666665,5.4998273105668,7.418256818084384,1.333333333333e-05,0.9535218679844043,0.2165830514168871,0.00313772605340317,0.5194634533333333,0.0049278312051263835,,,,,0.0020261054879437733,0.9036561489979696,0.9119438510020302
nonlinear,heteroscedastic,nonlinear,Estimated-WCP-Sensitivity,2.0,0.9043733333333334,0.013176335457628375,0.011253333333333289,0.00343999999999999,5.496795436225672,7.580722268638306,0.00014666666666665,0.9315846486357826,0.2662459156186009,0.0040916793873582965,0.5426948533333333,0.004884596941868163,,,,,0.0024056587184660724,0.8994532088134716,0.9092934578531952
nonlinear,heteroscedastic,nonlinear,Oracle-WCP-Ridge,0.0,0.89892,0.01054391146422985,0.0082533333333333,0.004666666666666657,5.2173893364902915,7.262595701280891,0.0,1.0,0.0,0.001,,0.004228453234891363,0.0,0.0,1.0,1.0,0.0019250460510986714,0.8949828387538226,0.9028571612461775
nonlinear,heteroscedastic,nonlinear,SCP-Ridge,0.0,0.89892,0.01054391146422985,0.0082533333333333,0.004666666666666657,5.2173893364902915,7.262595701280891,0.0,1.0,0.0,0.001,,0.004228453234891363,,,,,0.0019250460510986714,0.8949828387538226,0.9028571612461775
nonlinear,heteroscedastic,nonlinear,SCP-Ridge,0.5,0.8957333333333334,0.012027248756206844,0.009759999999999963,0.007013333333333319,5.2173893364902915,7.3879280223894055,0.0,1.0,0.0,0.001,,0.00434276445062434,,,,,0.002195865149500147,0.8912422848394496,0.9002243818272172
nonlinear,heteroscedastic,nonlinear,SCP-Ridge,1.0,0.8960666666666667,0.010578355694312902,0.008306666666666624,0.0061199999999999805,5.2173893364902915,7.299778164409565,0.0,1.0,0.0,0.001,,0.0045021404443413736,,,,,0.0019313346783627998,0.8921166437336002,0.9000166895997331
nonlinear,heteroscedastic,nonlinear,SCP-Ridge,1.5,0.89472,0.009986694596587863,0.008639999999999974,0.0069599999999999905,5.2173893364902915,7.410828753384419,0.0,1.0,0.0,0.001,,0.0049278312051263835,,,,,0.0018233126351553759,0.8909909069517051,0.8984490930482948
nonlinear,heteroscedastic,nonlinear,SCP-Ridge,2.0,0.8912933333333334,0.00920850181881535,0.01014666666666663,0.009426666666666642,5.2173893364902915,7.5915402703872115,0.0,1.0,0.0,0.001,,0.004884596941868163,,,,,0.001681234722330839,0.8878548222438396,0.8947318444228272
nonlinear,heteroscedastic,tail_mixture,CQR-GBR,0.0,0.9016,0.009747714144068994,0.007679999999999943,0.0030399999999999963,4.848451170677659,6.282830514462516,0.0,1.0,0.0,0.001,,0.004228453234891363,,,,,0.0017796809736062502,0.8979601437192408,0.9052398562807591
nonlinear,heteroscedastic,tail_mixture,CQR-GBR,0.5,0.8652266666666667,0.010830319297784063,0.0347733333333333,0.0347733333333333,5.0371494749799695,10.651610551222552,0.0,1.0,0.0,0.001,,0.00547525302531393,,,,,0.001977336728126614,0.8611825589778245,0.8692707743555089
nonlinear,heteroscedastic,tail_mixture,CQR-GBR,1.0,0.8366,0.010923558849158748,0.06339999999999997,0.06339999999999997,5.20661137261254,14.67290167782388,0.0,1.0,0.0,0.001,,0.010260711365181557,,,,,0.001994359863306473,0.8325210760904859,0.8406789239095142
nonlinear,heteroscedastic,tail_mixture,CQR-GBR,1.5,0.8027333333333334,0.013292293160747853,0.09726666666666664,0.09726666666666664,5.378601440282321,18.793576281099874,0.0,1.0,0.0,0.001,,0.016902905723547055,,,,,0.002426829601704414,0.7977699094955224,0.8076967571711444
nonlinear,heteroscedastic,tail_mixture,CQR-GBR,2.0,0.76868,0.014065521552780201,0.13131999999999996,0.13131999999999996,5.569784093926463,23.172378137380758,0.0,1.0,0.0,0.001,,0.025665992234683018,,,,,0.002568001145844269,0.7634278479354886,0.7739321520645115
nonlinear,heteroscedastic,tail_mixture,Estimated-WCP-Primary,0.0,0.9022533333333332,0.014862861221116236,0.012306666666666624,0.005026666666666657,5.2949573137599035,7.272909768718535,0.0,0.9621220036079542,0.19519916883991953,0.0025256661048746764,0.4989380933333333,0.004228453234891363,0.19076359428715195,0.13637197987372623,,0.9621220036079541,0.0027135747866247136,0.8967034497435844,0.9078032169230821
nonlinear,heteroscedastic,tail_mixture,Estimated-WCP-Primary,0.5,0.8844666666666666,0.0127521014720721,0.016946666666666627,0.01623999999999997,5.871143945618397,12.663112607767514,0.00271999999999996,0.9126197739380839,0.30691711111340364,0.004258621545355493,0.5337262666666667,0.00547525302531393,0.2163868351480416,0.1669826390802971,0.4539356077725872,1.1801705163764233,0.0023282045439495746,0.8797049537204329,0.8892283796129004
nonlinear,heteroscedastic,tail_mixture,Estimated-WCP-Primary,1.0,0.8638399999999999,0.013685975706338331,0.03615999999999997,0.03615999999999997,6.222287093006461,15.981647031047979,0.012679999999999957,0.856276254994227,0.4068549368583243,0.006135480280520974,0.5688086266666667,0.010260711365181557,0.2444403294834762,0.1910824674841716,0.5742804386058875,1.878491989508002,0.0024987058719430676,0.858729572683731,0.8689504273162689
nonlinear,heteroscedastic,tail_mixture,Estimated-WCP-Primary,1.5,0.8450133333333334,0.015492906793740773,0.05498666666666664,0.05498666666666664,6.437561485342713,18.309164124680667,0.027933333333333286,0.8162762211736762,0.47323080486272706,0.0070013782335407535,0.6024356133333334,0.016902905723547055,0.2626060418860798,0.20562796898892985,0.6364357513633272,3.09732334398869,0.0028286048440856197,0.8392281868603293,0.8507984798063375
nonlinear,heteroscedastic,tail_mixture,Estimated-WCP-Primary,2.0,0.8229733333333333,0.015077430800379418,0.07702666666666663,0.07702666666666663,6.607166645334241,20.70378963862696,0.04946666666666662,0.7867112661483157,0.5202540313999416,0.007369111180927037,0.64132148,0.025665992234683018,0.2711383769530266,0.21069387892429273,0.6879126166437428,4.858942228159803,0.0027527496528636595,0.817343328145926,0.8286033385207406
nonlinear,heteroscedastic,tail_mixture,Estimated-WCP-Sensitivity,0.0,0.9015466666666667,0.014225662419176426,0.011626666666666625,0.00503999999999999,5.279302365316876,7.271379863108459,0.0,0.9736528142691043,0.1619065339263117,0.0021672164521717332,0.49894730666666665,0.004228453234891363,0.1598114422666906,0.11429268571084711,,0.9736528142691043,0.00259723873414548,0.8962347170198972,0.9068586163134362
nonlinear,heteroscedastic,tail_mixture,Estimated-WCP-Sensitivity,0.5,0.87768,0.011746001520693649,0.02250666666666664,0.022413333333333306,5.73462590014125,13.048592523325103,0.0011066666666666235,0.9515501232947298,0.22415052934121782,0.00309847155982047,0.5344093333333333,0.00547525302531393,0.17152876197373873,0.12782483215898102,0.4648283711501753,1.2309547803104646,0.002144516664457965,0.873293970949803,0.882066029050197
nonlinear,heteroscedastic,tail_mixture,Estimated-WCP-Sensitivity,1.0,0.8456133333333333,0.012119625956824465,0.05438666666666665,0.05438666666666665,5.88877132285444,17.858331060646364,0.004039999999999953,0.9364749187906721,0.25932299730127917,0.003592796396907217,0.5691466133333333,0.010260711365181557,0.1835018794001477,0.13378024726265145,0.5832881865749239,2.0683827906377443,0.0022127308416926305,0.8410877906258423,0.8501388760408244
nonlinear,heteroscedastic,tail_mixture,Estimated-WCP-Sensitivity,1.5,0.8117066666666666,0.01473777537447576,0.08829333333333332,0.08829333333333332,5.9715810057012595,22.277387044633688,0.008359999999999956,0.9268778616433166,0.28028100491373326,0.003696946239024433,0.6027524133333333,0.016902905723547055,0.19813400979587026,0.14099098180133277,0.6432273427640622,3.546292672794096,0.00269073734001484,0.8062034908996749,0.8172098424336582
nonlinear,heteroscedastic,tail_mixture,Estimated-WCP-Sensitivity,2.0,0.7737466666666666,0.012045652623516796,0.12625333333333333,0.12625333333333333,6.043417316286317,26.82658326245106,0.014813333333333277,0.9223465432252475,0.2897660496322906,0.0036217837019221367,0.64170104,0.025665992234683018,0.21356904982449806,0.15130118662886766,0.6972632446784256,5.747645672854339,0.0021992252205904777,0.7692487460557891,0.7782445872775441
nonlinear,heteroscedastic,tail_mixture,Oracle-WCP-Ridge,0.0,0.89892,0.01054391146422985,0.0082533333333333,0.004666666666666657,5.2173893364902915,7.262595701280891,0.0,1.0,0.0,0.001,,0.004228453234891363,0.0,0.0,1.0,1.0,0.0019250460510986714,0.8949828387538226,0.9028571612461775
nonlinear,heteroscedastic,tail_mixture,Oracle-WCP-Ridge,0.5,0.90392,0.016107706444325093,0.01138666666666662,0.0037333333333333233,5.704944713618593,8.44901417397245,0.036386666666666616,0.8338830075781407,0.42412397830775717,0.012562980149864827,,0.00547525302531393,0.0,0.0,1.0,1.0,0.0029408513897427285,0.897905283564591,0.9099347164354089
nonlinear,heteroscedastic,tail_mixture,Oracle-WCP-Ridge,1.0,0.91568,0.026281531472722892,0.021039999999999944,0.0026799999999999866,6.460970828459281,9.263029428815404,0.07747999999999997,0.6422660792296319,0.8713742774028864,0.024728165665268063,,0.010260711365181557,0.0,0.0,1.0,1.0,0.004798329211130766,0.9058663148646842,0.9254936851353159
nonlinear,heteroscedastic,tail_mixture,Oracle-WCP-Ridge,1.5,0.9243333333333333,0.032803378015006365,0.030759999999999947,0.0032133333333333263,7.632989884285988,10.45891130325664,0.12011999999999995,0.495116261123969,1.3445461005547172,0.03756607832979567,,0.016902905723547055,0.0,0.0,1.0,1.0,0.0059890500337293415,0.9120843506761342,0.9365823159905324
nonlinear,heteroscedastic,tail_mixture,Oracle-WCP-Ridge,2.0,0.9308,0.0353100161622635,0.03367999999999993,0.0014399999999999966,8.435920148918028,11.304540776939687,0.17015999999999995,0.38140198803539377,1.8469700857835225,0.05116042360813856,,0.025665992234683018,0.0,0.0,1.0,1.0,0.006446697452647905,0.9176150232759831,0.9439849767240168
nonlinear,heteroscedastic,tail_mixture,SCP-Ridge,0.0,0.89892,0.01054391146422985,0.0082533333333333,0.004666666666666657,5.2173893364902915,7.262595701280891,0.0,1.0,0.0,0.001,,0.004228453234891363,,,,,0.0019250460510986714,0.8949828387538226,0.9028571612461775
nonlinear,heteroscedastic,tail_mixture,SCP-Ridge,0.5,0.8536266666666666,0.010154629769082,0.046373333333333315,0.046373333333333315,5.2173893364902915,13.640634850614337,0.0,1.0,0.0,0.001,,0.00547525302531393,,,,,0.0018539732625465625,0.8498348655943849,0.8574184677389484
nonlinear,heteroscedastic,tail_mixture,SCP-Ridge,1.0,0.8128533333333333,0.009721491773326254,0.08714666666666665,0.08714666666666665,5.2173893364902915,19.637909285768114,0.0,1.0,0.0,0.001,,0.010260711365181557,,,,,0.0017748934456172296,0.8092232686467299,0.8164833980199367
nonlinear,heteroscedastic,tail_mixture,SCP-Ridge,1.5,0.7710666666666667,0.013575772876540063,0.1289333333333333,0.1289333333333333,5.2173893364902915,25.564781997010886,0.0,1.0,0.0,0.001,,0.016902905723547055,,,,,0.0024785856800159296,0.7659973897633324,0.7761359435700009
nonlinear,heteroscedastic,tail_mixture,SCP-Ridge,2.0,0.7243733333333334,0.012710433762731376,0.17562666666666665,0.17562666666666665,5.2173893364902915,32.11515882167378,0.0,1.0,0.0,0.001,,0.025665992234683018,,,,,0.0023205970958410805,0.7196271793654722,0.7291194873011947
nonlinear,heteroscedastic,variance,CQR-GBR,0.0,0.9016,0.009747714144068994,0.007679999999999943,0.0030399999999999963,4.848451170677659,6.282830514462516,0.0,1.0,0.0,0.001,,0.004228453234891363,,,,,0.0017796809736062502,0.8979601437192408,0.9052398562807591
nonlinear,heteroscedastic,variance,CQR-GBR,0.5,0.8654266666666667,0.010711351804103169,0.03457333333333332,0.03457333333333332,5.082092440380844,7.597636150122505,0.0,1.0,0.0,0.001,,0.006711674910142536,,,,,0.0019556163348269876,0.8614269821700397,0.8694263511632937
nonlinear,heteroscedastic,variance,CQR-GBR,1.0,0.8225733333333333,0.013616899574535638,0.07742666666666663,0.07742666666666663,5.360443634620367,9.606378983593313,0.0,1.0,0.0,0.001,,0.014891407198824497,,,,,0.002486094353418556,0.8174886994685829,0.8276579671980836
nonlinear,heteroscedastic,variance,CQR-GBR,1.5,0.7642666666666666,0.013729739514150918,0.13573333333333332,0.13573333333333332,5.671531754205139,13.009405884261064,0.0,1.0,0.0,0.001,,0.028156482697681402,,,,,0.0025066960135234923,0.7591398976759925,0.7693934356573408
nonlinear,heteroscedastic,variance,CQR-GBR,2.0,0.7055333333333333,0.01703645853868195,0.19446666666666665,0.19446666666666665,6.017800319802744,18.21197906012771,0.0,1.0,0.0,0.001,,0.04786594174349598,,,,,0.0031104175472125343,0.6991718151663646,0.7118948515003021
nonlinear,heteroscedastic,variance,Estimated-WCP-Primary,0.0,0.9022533333333332,0.014862861221116236,0.012306666666666624,0.005026666666666657,5.2949573137599035,7.272909768718535,0.0,0.9621220036079542,0.19519916883991953,0.0025256661048746764,0.4989380933333333,0.004228453234891363,0.19076359428715195,0.13637197987372623,,0.9621220036079541,0.0027135747866247136,0.8967034497435844,0.9078032169230821
nonlinear,heteroscedastic,variance,Estimated-WCP-Primary,0.5,0.9062266666666667,0.019176043483423805,0.017346666666666618,0.00555999999999999,6.648541449611033,9.172608352528236,2.666666666666e-05,0.7075529198594133,0.6558380232462802,0.010973399198875503,0.5962846,0.006711674910142536,0.17775889725817903,0.13135932493902003,0.8995727735265089,0.8662558128950759,0.0035010505265237204,0.8990662143512161,0.9133871189821173
nonlinear,heteroscedastic,variance,Estimated-WCP-Primary,1.0,0.9131066666666666,0.03656366137756629,0.03139999999999995,0.009146666666666657,8.981104990281812,11.673219086289732,0.0034266666666666365,0.30917281658096807,1.6374017261206582,0.03558030809234844,0.69917632,0.014891407198824497,0.17882125117687125,0.13464669349646383,0.9650114698398993,0.7940180930021997,0.006675580707157824,0.8994535711259383,0.926759762207395
nonlinear,heteroscedastic,variance,Estimated-WCP-Primary,1.5,0.9221066666666666,0.04624622954497412,0.042559999999999924,0.010226666666666646,11.076065696346053,13.61664740250462,0.03630666666666661,0.14720973875433765,2.7129821329537496,0.06256514342409625,0.78287084,0.028156482697681402,0.1811669636716733,0.13843783377054134,0.9790657295696863,1.004064343355941,0.008443367707114733,0.9048380407526495,0.9393752925806838
nonlinear,heteroscedastic,variance,Estimated-WCP-Primary,2.0,0.9233600000000001,0.04927900581173593,0.04242666666666661,0.009533333333333331,12.23567685411144,14.943336332537354,0.12237333333333326,0.07693055169758388,4.673674000005606,0.12300460104495038,0.85141164,0.04786594174349598,0.2254062610728282,0.1858295855865563,0.9838597254449177,1.1534556300029128,0.00899707436483865,0.9049589168165598,0.9417610831834403
nonlinear,heteroscedastic,variance,Estimated-WCP-Sensitivity,0.0,0.9015466666666667,0.014225662419176426,0.011626666666666625,0.00503999999999999,5.279302365316876,7.271379863108459,0.0,0.9736528142691043,0.1619065339263117,0.0021672164521717332,0.49894730666666665,0.004228453234891363,0.1598114422666906,0.11429268571084711,,0.9736528142691043,0.00259723873414548,0.8962347170198972,0.9068586163134362
nonlinear,heteroscedastic,variance,Estimated-WCP-Sensitivity,0.5,0.8953866666666667,0.017152535417959913,0.014826666666666615,0.009719999999999989,6.329284388423153,9.157457486355225,0.0,0.8188900555370079,0.46869378320801725,0.00705163075711866,0.5965807200000001,0.006711674910142536,0.1513519083810688,0.11182506120842427,0.9021067825093313,1.0034961532406173,0.003131610188940982,0.8889818046806398,0.9017915286526935
nonlinear,heteroscedastic,variance,Estimated-WCP-Sensitivity,1.0,0.8744533333333333,0.02516236562166128,0.029386666666666627,0.027466666666666643,7.279341827684519,11.410906785196774,0.0007333333333332734,0.559172696807799,0.9023084011862156,0.016275687355625134,0.6996212133333334,0.014891407198824497,0.21482304621551104,0.18167619312805347,0.9681578644480324,1.4841385406319247,0.004593998417058795,0.865057551594854,0.8838491150718126
nonlinear,heteroscedastic,variance,Estimated-WCP-Sensitivity,1.5,0.8387066666666667,0.030484398874057583,0.06129333333333331,0.06129333333333331,7.981688010429281,14.202737812154396,0.009933333333333287,0.44202395593842864,1.1439951793037262,0.02049473893004761,0.7835317066666666,0.028156482697681402,0.42274971764956926,0.37684009177212,0.9824817752121435,3.5542634333468244,0.005565664305102142,0.8273236050517119,0.8500897282816215
nonlinear,heteroscedastic,variance,Estimated-WCP-Sensitivity,2.0,0.7927866666666666,0.0391889475387564,0.1072133333333333,0.1072133333333333,8.288093674896428,17.642331045464825,0.040839999999999946,0.4097040521734263,1.2384373663590595,0.02397736398181065,0.85200596,0.04786594174349598,0.7441588893835871,0.6748734849607019,0.9872953617560699,8.259601048829124,0.007154890190621147,0.7781532731626037,0.8074200601707295
nonlinear,heteroscedastic,variance,Oracle-WCP-Ridge,0.0,0.89892,0.01054391146422985,0.0082533333333333,0.004666666666666657,5.2173893364902915,7.262595701280891,0.0,1.0,0.0,0.001,,0.004228453234891363,0.0,0.0,1.0,1.0,0.0019250460510986714,0.8949828387538226,0.9028571612461775
nonlinear,heteroscedastic,variance,Oracle-WCP-Ridge,0.5,0.9007466666666667,0.013110346883370367,0.01055999999999996,0.004906666666666646,6.43628572810448,9.129248784416136,0.0,0.8157628701042431,0.4749128076497886,0.006203235008348837,,0.006711674910142536,0.0,0.0,1.0,1.0,0.0023936109082465,0.8958511826853888,0.9056421506479446
nonlinear,heteroscedastic,variance,Oracle-WCP-Ridge,1.0,0.9065866666666668,0.025650109004720076,0.02117333333333328,0.00729333333333332,8.223993708362373,11.106009704632564,0.0027999999999999766,0.3870622094263962,1.2910967456121512,0.023296664476692378,,0.014891407198824497,0.0,0.0,1.0,1.0,0.004683047768117191,0.8970087585557901,0.9161645747775434
nonlinear,heteroscedastic,variance,Oracle-WCP-Ridge,1.5,0.9263066666666667,0.04432826554735456,0.04091999999999994,0.007306666666666664,11.14382419772928,13.464212450994314,0.03951999999999994,0.15196351150662232,2.6480837392780128,0.058098377200028944,,0.028156482697681402,0.0,0.0,1.0,1.0,0.008093196991788395,0.9097542202794419,0.9428591130538916
nonlinear,heteroscedastic,variance,Oracle-WCP-Ridge,2.0,0.9383333333333332,0.04393463274027664,0.05107999999999994,0.00637333333333333,12.600559946345955,14.63820205719582,0.13933333333333328,0.0721180431562194,4.392023533347068,0.1060637485263263,,0.04786594174349598,0.0,0.0,1.0,1.0,0.008021329802518176,0.9219278718519006,0.9547387948147659
nonlinear,heteroscedastic,variance,SCP-Ridge,0.0,0.89892,0.01054391146422985,0.0082533333333333,0.004666666666666657,5.2173893364902915,7.262595701280891,0.0,1.0,0.0,0.001,,0.004228453234891363,,,,,0.0019250460510986714,0.8949828387538226,0.9028571612461775
nonlinear,heteroscedastic,variance,SCP-Ridge,0.5,0.84172,0.01030950013838926,0.05827999999999998,0.05827999999999998,5.2173893364902915,9.476335715025293,0.0,1.0,0.0,0.001,,0.006711674910142536,,,,,0.0018822485941328098,0.837870369381417,0.845569630618583
nonlinear,heteroscedastic,variance,SCP-Ridge,1.0,0.77104,0.0139767689029159,0.12896,0.12896,5.2173893364902915,13.020210872756325,0.0,1.0,0.0,0.001,,0.014891407198824497,,,,,0.0025517972030545907,0.7658209887196014,0.7762590112803985
nonlinear,heteroscedastic,variance,SCP-Ridge,1.5,0.68352,0.015428911508749671,0.21647999999999995,0.21647999999999995,5.2173893364902915,18.997834683041805,0.0,1.0,0.0,0.001,,0.028156482697681402,,,,,0.002816920957031087,0.6777587497591352,0.6892812502408648
nonlinear,heteroscedastic,variance,SCP-Ridge,2.0,0.5959866666666667,0.015239326017618491,0.30401333333333336,0.30401333333333336,5.2173893364902915,27.798371075507532,0.0,1.0,0.0,0.001,,0.04786594174349598,,,,,0.002782307540341673,0.5902962088116306,0.6016771245217027
